姓名,发布时间,详情
徐德莉,2020年11月16日," 
   
 徐德莉，女，中共党员，博士，教授，博士研究生导师。研究方向为中国近现代史、中共党史与党的建设研究。曾获省级学术技术带头人后备人选。主持国家级项目2项（其中重点项目1项），教育部委等项目2项，省级重大招标项目1项，其他省社科规划项目5项。在《光明日报》理论版、《中国高校社会科学》及《中国边疆史地》等刊物独立发表学术论文50多篇，其中被《新华文摘》、《中国社会科学文摘》等全文转载3篇。出版学术专著4部。 
    主持的主要项目名称
    项目来源
    起止时间
    抗战时期国民政府对伪造货币的治理研究
    国家后期资助重点项目
    2020-2022
    抗日根据地对伪造货币的治理及其历史经验研究
    国家社科基金一般项目
    2016-2019
    民国时期伪造之风的历史考察与现实启示——以湖南为例
    教育部人文社科基金一般项目
    2013-2015
    扎实落实“三严三实”要求，推动全面从严治党向纵深发展研究
    重庆市哲学社会科学重大招标项目
    2017-2019
    少数民族传统文化视域下的社会主义核心价值观建设研究
    国家民委社科规划项目
    2014-2015
    抗战时期西南地区伪造货币现象的历史考察研究
    重庆市哲学社会科学规划项目
    2013-2015
    取得的主要研究成果
    成果发表时间
    作者排名
    民国时期伪造之风研究——以湖南为例
    人民出版社2015年版
    独著
    抗战时期党的金融理论与实践研究
    光明日报出版社2015年版
    独著
    中国近现代史纲要专题教学研究
    光明日报出版社2016年版
    第一作者
    抗日根据地治理伪造货币的特点及其历史经验 
    《中国社会科学文摘》2020年第1期。
    独著
    全面从严治党要以党的政治建设为统领
    《光明日报》2019年5月22日
    独著
    抗日根据地治理伪造货币的金融应对
    《中国高校社会科学》2019年第7期
    独著
    抗战时期日本伪造货币及中方治理对策
    《新华文摘》全文转载2015年第19期
    独著
    抗日根据地对伪造货币的应对
    《中国社会科学文摘》2018年第2期。
    独著
    乱与序：民国时期新疆金融的历史考察
    《中国边疆史地研究》2017年第3期。
    独著
    中华优秀传统文化与中华民族共同体意识
    《光明日报》2017年4月10日
    独著
    地方优秀传统文化融入“中国近现代史纲要”教学机制
    《思想理论教育导刊》2017年第12期
    独著
    冲突与互利:国民政府时期西南边疆币政的历史考察
    《思想战线》2016年第1期
    独著
    道路自信与文化自信：中国特色社会主义理论体系之文化意蕴
    《江西师范大学学报》2016年第3期
    第一作者
    
"
赵楠楠,2020年11月16日," 
 赵楠楠，中共党员，哲学博士，讲师，主要从事中国哲学史与中国哲学现代转化研究。近三年主要致力于中国传统哲学视野下的灾难哲学构建、仁学现代化、岭南儒学等领域的学术研究，主持教育部人文社科、省社科、市社科项目各一项，在国内外发表学术论文数篇。承担“马克思主义基本原理概论”（广州大学2019年优质课程）、“中国伦理思想史”、“宗教学概论”等课程教学，多次被评选为“广州大学最受学生欢迎的老师”。
 主要的主持课题和发表论文如下：
     1、“灾难与仁学——中国传统哲学视域下的灾难哲学建构”， 2016年教育部人文社科项目青年基金项目
     2、“灾难与朱熹的道德形上学”，2014年广东省哲学社会科学“十二五”规划项目
     3、“论汉儒灾异说的建构及政治得失”，独著，《江汉论坛》2019年第7期
     4、“《心经》及《心经附注》对退溪学问的影响”，独著，《理论月刊》2013年第1期
     5、“河西金麟厚与朝鲜中期的性理学”，独著，《退溪学报》（韩国）2012年12月第132辑
"
栾欣超,2020年11月16日," 
 栾欣超，中共党员，先后在武汉大学获学士、硕士、博士学位，博士主攻中外政治制度专业，现任马克思主义中国化教研部党支部书记。主要承担《毛泽东思想和中国特色社会主义理论体系概论》《党的建设》等本科生、研究生课程的教学。先后在《学术研究》、《日本问题研究》、《云南社会科学》等学术期刊发表论文数篇，并被人大复印资料《中国共产党》、《政治学》全文转载。主持教育部人文社会科学研究青年基金项目和广州市社科规划项目各1项，同时参与研究多项国家及省部级课题立项。获得广州大学本科课堂教学优秀奖等奖励。
     主持的主要项目名称
     项目来源
     起止时间
     中国共产党在构建人类命运共同体中的角色和责任研究
     教育部人文社会科学研究青年基金项目
     2018-2021
     全面从严治党背景下中国共产党的自律文化建设研究
     广州市哲学社会科学发展“十三五”规划专项课题
     2017-2020
     取得的主要研究成果
     成果发表时间
     排名
     党内政治新生态：新时代全面从严治党的生态逻辑
     《学术研究》2018年第10期
     合著
     中国共产党的党内治理——基于政党自律的分析视角
     《广西社会科学》2015年第1期
     合著
     日本自民党的政党自律
     《日本问题研究》2015年第1期
     合著
     日本自民党派阀政治探析
     《湖北社会科学》2012年第6期
     第一作者
"
杨军,2020年11月16日," 
 杨军，湖北恩施人，历史学硕士，讲师，主要从事中国近现代史和马克思主义理论的教学和研究。长期担任《中国近现代史纲要》、《形势与政策》等课程的主讲教师，所授课程受到学生的好评和同行的认可，并多次荣获广州大学教学优秀奖。参与省市校级课题多项，参编著作和教材数本，在各级刊物发表论文数篇。作为主要参与者，多次参与完成省市级课程的教学改革和精品课程的建设，以及资源共享课程和MOOC课程的建设和推广应用。
"
罗明星,2020年11月16日," 
  罗明星（1965.02—）中共党员，博士、教授，硕士研究生导师，马克思主义学院党委书记，兼任中国伦理学会理事，广东省伦理学会副会长，广东省思想政治理论课教学指导委员会委员。毕业于中山大学马克思主义学院思想政治教育专业，主要研究方向为“道德理论与道德教育”，主持省部级以上研究项目8项，发表学术论文40余篇，承担《伦理学》、《中外道德教育比较》等课程的教学。曾经获评广东省“南粤优秀教师”、广州市优秀教师及广州大学“最受学生欢迎教师”。  
    主持的主要项目名称
    项目来源
    起止时间
    公共突发事件中的道德风险及其治理研究
    国家社会科学基金项目
    2020-2022
    地方综合性高校课程思政建设路向研究
    广东省教育教学改革项目
    2019-2021
    新时代广东省公民道德建设研究
    广东省委宣传部委托项目
    2018-2019
    伦理类系列课程教学团队
    广东省教学质量工程项目
    2015-2018
    岭南优秀文化与社会主义核心价值观研究
    广东省“理论粤军”重点项目
    2014-2015
    志愿服务：作为思想政治理论课实践教学方式的研究
    广东省教育教学改革重点项目
    2013-2014
    基于道德本性的道德教育研究
    教育部人文社科规划项目
    2011-2014
    大学生精神生活发展研究
    广东省教育厅重点项目
    2009-2011
    大学生价值取向与价值教育策略研究
    广州市教育科学项目
    2008-2010
    道德体系建设中的优先性问题研究
    广州市社科规划项目
    2004-2006
    道德教育的道德性研究
    广东省教育厅教育项目
    2001-2003
    取得的主要研究成果
    成果发表时间
    排  名
    “我”的道德与“你”的道德——主体交互中的道德教育
    江汉论坛，2019.12
    独撰
    论共同体道德债务
    社会科学动态，2017.06
    独撰
    从技术性标准到价值性标准——道德判断依据的认识论追问
    华中科技大学（社会科学版）2017.04
    独撰
    诚信教育的伦理审视
    教育伦理，2017.10
    第一
    道德教育的高尚性辩思
    广州大学学报,2016.10
    第一
    地域文化的价值空间分析
    江汉论坛,2016.10
    第一
    敏于行:作为广东精神的价值解析
    岭南学刊,2016.11
    第一
    社区志愿服务:作为思想政治理论课实践教学方式的探讨
    思想教育研究
    第一
    共识的道德与道德的共识
    河海大学学报,2014.09
    独撰
    道德教育的教育视野与道德视野
    江汉论坛,2013.08
    独撰
    论道德言说的复杂性
    伦理学研究,2012.05
    独撰
    幸福广东建设的道德理路
    华南师范大学学报(社会科学版),2012,10
    独撰
    论作为教育存在的道德——兼及德性缘于教育的反思
    广州大学学报(社会科学版)2011.02
    独撰
    论道德教育的相对性
    湖北社会科学,2011,11
    独撰
    基于价值本性的价值教育诠释
    江汉论坛,2011.12
    独撰
    道德回报的伦理质疑
    江汉论坛,2009.10
    独撰
    经济的德性分析
    湖北社会科学,2005.09
    独撰
    论道德教育的协调性
    江汉论坛,2005.09
    独撰
    优势与缺陷:网络的德性分析
    社会科学家，2005,07
    独撰
    论儒家伦理优势的生成——基于历史的道德分析
    学术研究，2005.09
    独撰
    利己主义的四种诡辩及其批判
    江汉论坛，2003.06
    独撰
    人性假定:作为工具价值的思考
    理论月刊，2003,07
    独撰
    人性假定的历史分析
    扬州大学学报(人文社会科学版)，2002.02
    独撰
    经济伦理的价值蕴含
    道德与文明，2001.04
    独撰
    道德建设的利益审视
    理论月刊，2001，10
    独撰
    读《现代道德教育论》
    高校理论战线，2000.08
    独撰
    思想的深深追问——胡潇《思想哲学》读后
    学术研究，2000.10
    独撰
    市场行为与非市场行为的价值分界
    理论月刊，1995.09
    独撰
    《思想道德修养学习指导》
    广州高等教育出版社，2000
    主编
    道德的选择:来自大学生心灵的报告
    人民出版社，2006
    合著
    全球化视野中的伦理批判与道德教育的重构
    人民出版社，2007
    合著
    伦理学引论
    高等教育出版社，2009
    参编
    成果奖项名称
    授予单位时间
    奖励级别及类型
    “坚持精品质，铸就真信仰”：思想政治理论课教学改革与实践
    广东省教育厅2019
    广东省教学成果奖一等奖（主持）
    以“受欢迎”教学团队建设引领思想政治理论课教学的探索与实践
    广东省教育厅2017
    广东省教学成果奖二等奖（参与第一）
  
  
  
 "
李振华,2020年11月16日,"
     李振华，广东湛江人。1993年毕业于中山大学，本科、硕士皆为马克思主义教育专业。2000年前在广州教育学院（广州高等师范专科学校）工作，2000年后在新组建的广州大学工作至今。从事马克思主义哲学、马克思主义基本原理概论、形势政策等学科教学工作，教学研究方向为马克思主义的整体性及内在结构。曾荣获广州教育学院优秀教师、广州大学优秀教师等称号。
"
张雪娇,2020年11月16日," 
 张雪娇，中共党员，教授，硕士生导师。长期从事中国近现代史、中共党史、马克思主义中国化教学与研究。主持省部级以上项目2项，主持市厅级课题2项，在《当代世界与社会主义》、《学术研究》等刊物独立发表学术论文20多篇。出版学术专著5部（合著）。国家精品在线开放课程《中国近现代史纲要》核心成员，获广东省信息化教学案例三等奖，广州市教育软件比赛（微课）一等奖。
     主持的主要项目名称
     项目来源
     起止时间
     非公有制企业党建工作科学化研究
     广东省社科规划一般项目
     2010-2012
     年轻一代非公有制经济代表人士思想政治工作创新研究
     广东省社科规划一般项目
     2015-2017
     大数据时代流动党员精准管理机制研究
     广州社科规划一般项目
     2016-2017
     新媒体背景下“形势与政策”课教学实效性研究
     广州市教育局一般项目
     2016-2017
     取得的主要研究成果
     成果发表时间
     作者排名
     新中国廉政建设史纲
     社会科学文献出版社        
        2014年版
     合著1
     论中国特色社会主义道路、理论体系、制度的互动关系
     《广东社会科学》        
        2015年第1期
     独著
     关于流动党员教育管理服务措施的        
        实效性分析
     《人民论坛》        
        2015年第2期
     独著
     年轻一代非公有制经济人士思想政治        
        工作新论
     《经济界》        
        2018第4期
     独著
     “灌输论”的澄明与“大众化”的主体观解析
     《学术研究》        
        2012年第5期
     独著
     马克思主义大众化的传播学分析
     《当代世界与社会主义》2010年4月
     独著
     马克思主义大众化的实现路径与思想政治教育语境重构
     《广东社会科学》        
        2012年第4期
     独著
     关于流动党员教育管理服务措施的实效性分析
     《人民论坛》        
        2012年第5期
     独著
     汪精卫对三民主义认识的历史蜕变
     《江汉论坛》        
        2009年第2期
     独著
     大学生的学习力及提升途径
     《教育评论》        
        2010年第1期
     独著
     马克思主义时代化的科学内涵疏解
     《岭南学刊》        
        2011年第3期
     独著
     非公有制企业党建工作的特殊性及路径选择
     《广州大学学报》        
        2011年4期
     独著
     60年代初期王稼祥对我国外交政策调整的思考
     《广西社会科学》        
        2009年第3期
     独著
"
冉杰,2020年11月16日,"
           冉杰，1969年10月生，湖北利川人，中共党员，2012年1月毕业于中国政法大学获法学博士学位。现任广州大学马克思主义学院副院长、教授、硕士生导师，兼任广东省科学社会主义学会（政治学会）理事、广东省中国特色社会主义理论体系研究中心广州大学研究基地特聘研究员。主要从事法理学、中国特色社会主义法治建设和法治教育的研究与教学。先后主持国家社会科学基金项目3项（其中包括重大项目子项目1项）、广东省哲学社会科学规划项目1项、广东省委宣传部委托项目1项，发表学术论文20余篇，获广东省教育教学成果奖（高等教育）一等奖和二等奖各1项。  
    主持的主要项目名称        
    项目来源        
    起止时间        
    乡村振兴视域下基层干部依法治理乡村的能力提升研究
    国家社科基金一般项目（18BKS110）        
    2018.06-2022-06
    从严管党治党、提升党治国理政能力和水平的评价体系研究
    国家社科基金重大项目子项目（17VZL023）        
    2017.10-2019.12       
    德性法律论证理论
    国家社科基金后期资助项目（14FFX023）        
    2014.12-2016.06       
    加强舆论导向管理的中国经验研究
    广东省哲学社会科学规划项目（XJZX201720）
    2017.11-2018.09       
    社会主义核心价值观融入国民教育的途径和方法研究 
    广东省委宣传部委托项目   
    2014.09-2016.09
    取得的代表性研究成果        
    成果发表时间        
    排名        
    法律论证理论述评  
    《法律科学》2010年第5期
    独著      
    法律论证的共荣性正义标准研究      
    《法律科学》2014年第2期
    独著      
    法律论证的优先性正义标准研究    
    《深圳大学学报》（人文社会科学版）2014年第5期
    独著      
    论法律论证的自由权标准     
    《江汉论坛》2016年第11期  
    独著      
    法律权威的正当性基础      
    《求索》2016年第10期     
    独著      
    论法律推理中的权衡标准     
    《学术论坛》2016年第6期     
    独著      
    我国社会主义协商民主的基本原则
    《江汉论坛》2014年第3期      
    第一作者      
   
   
  
 "
张其学,2020年11月16日,"
 　　张其学，哲学博士，广州大学马克思主义学院教授，广州大学副校长。兼任中国马克思恩格斯研究会常务理事、广州市哲学学会秘书长。主要从事马克思主义哲学的教学与研究工作，研究方向为社会发展理论、文化哲学、后殖民主义等。在《哲学研究》等杂志上发表论文30余篇，出版学术专著2部，主持国家及省级以上科研课题4项，获得广东省“五个一”工程奖和广东省哲学社会科学优秀成果奖，并获“南粤优秀教师”称号。  
    主持的主要项目名称
    项目来源
    起止时间
    文化主体性的反思——对文化殖民主义的批判
    国家社科基金项目
    2010-2016
    大众文化：培护核心价值认同的社会基础
    国家社科基金重大招标项目子课题
    2014-2018
    文化霸权的主体性分析        
    教育部人文社科项目
    2007-2010
    后殖民主义语境中的东方社会        
    广东省社科基金项目 
    2007-2008
    取得的代表性研究成果
    成果发表时间
    排 名
    后殖民主义语境中的东方社会        
    中国社会科学出版社　2008年版
    独著
    文化殖民的主体性反思——对文化殖民主义的批判        
    北京师范大学出版社　2017年版
    独著
    后殖民主义视域中的马克思        
    哲学研究2005年第9期 
    独著 
    自我与他者的二分：文化殖民的哲学理据 
    哲学研究2010年第3期
    独著
    是政治经济批判还是文本话语批判        
    马克思主义研究2006年第5期
    独著
    权力主体：文化殖民的基础和源泉        
    马克思主义研究2010年第9期
    独著
    文化霸权的主体中心主义分析        
    马克思主义与现实2008年第5期
    独著
    后殖民主义：一种反思现代性的话语方式 
    哲学动态2007年第9期
    独著
    身份及其意识形态化——对文化殖民主义的一种批判        
    哲学动态2013年第10期
    独著
    当代文化：在冲突和批判中生成
    光明日报（理论版）2008年9月
    独著
    在对外文化交流中切实维护国家文化安全
    光明日报（理论版）2012年4月
    独著
    主体性的式微与文化霸权的解构
    学术研究2010年第4期  
    第一作者
    成果奖项名称
    授予单位时间
    奖励级别及类型
    后殖民主义视域中的马克思
    2007年广东省人民政府
    广东省哲学社会科学优秀成果奖三等奖        
    后殖民主义语境中的东方社会
    2011年广东省人民政府
    广东省哲学社会科学优秀成果奖三等奖        
    是政治经济批判还是文本话语批判
    2008年广州市人民政府
    广州市哲学社会科学优秀成果奖三等奖        
    后殖民主义语境中的东方社会
    2010年广州市人民政府
    广州市哲学社会科学优秀成果奖一等奖        
    权力主体：文化殖民的基础和源泉
    2013年广东省人民政府
    广东省哲学社会科学优秀成果 三等奖        
   
   
  
 "
李杰,2020年11月16日," 
 李杰，中共党员，中国人民大学博士，现任广州大学马克思主义学院讲师。长期担任高校《思想道德修养与法律基础》、《形势与政策》等课程教学工作，主要从事思想政治教育、伦理学研究等问题的研究。
"
欧阳景根,2020年11月15日,"  
  
 欧阳景根，教授，硕士研究生导师，国家社科基金重大项目首席专家。中国人民大学政治学理论硕士，北京大学比较政治学博士，主要从事国家治理、制度转型与比较政治研究。曾获得中共河北省委宣传部“燕赵文化英才”称号，担任中国人民大学出版社《当代世界学术名著：政治学系列》丛书副总主编。长期承担政治学原理、中国近现代史纲要、社会主义政治建设问题研究、中外政治思想史、中国马克思主义与当代等多门本科生、硕士生、博士生课程的教学工作，深受学生欢迎。
 主持国家社科基金项目4项（重大项目、重点项目、一般项目、重大项目子课题各1项），河北省社科基金项目2项，出版学术论著3部，译著10部；在《政治学研究》、《中国行政管理》等核心期刊上发表学术论文50余篇，其中1篇为《新华文摘》全文转载，4篇为《中国社会科学文摘》转载，11篇分别为中国人民大学复印资料《政治学》、《中国政治》、《宪法学、行政法学》、《民族问题研究》等全文转载；曾获得河北省社会科学优秀成果奖三等奖、全国党校系统优秀科研成果奖三等奖。
    主持科研项目名称
    项目来源
    起止时间
    国家制度竞争力的形成机理与提升路径研究
    国家社科基金重大项目
    2020-2023
    我国基层政权回应型政策法治化研究
    国家社科基金一般项目
    2019-2022
    区域法治资本、法治动力与地方法治政府建设绩效关系研究
    国家社科基金重点项目
    2014-2018
    从严管党治党提高党治国理政能力和水平的路径研究
    国家社科基金重大项目子课题
    2017-2020
    国家能力理论发展跟踪研究
    河北省社科基金
    2012-2014
    国家应对突发事件的政治能力比较研究：以中国、美国与印度尼西亚为案例
    河北省社科基金
    2009-2011
    取得的主要研究成果
    成果的发表时间
    排名
    《地方法治政府建设的资本、动力与绩效》
    社会科学文献出版社2019年版
    第一作者
    《国家能力研究：应对突发事件视野下的比较》
    吉林出版集团2011年版
    独著
    《宪政挫折研究》
    吉林人民出版社2007年版
    独著
    《流动的现代性》
    中国人民大学出版社2018年版
    独译
    《第三波：20世纪晚期的民主化浪潮》
    中国人民大学出版社2013年版
    独译
    《不需暴力的权力》
    天津人民出版社2005年版
    独译
    《共同体》
    江苏人民出版社2003年版
    独译
    《转型中的俄罗斯政治与社会》
    华夏出版社2003年版
    独译
    《流动的现代性》
    上海三联书店2002年版
    独译
    《背叛的政治》
    上海三联书店2002年版
    独立编选
    《国家理论：自由民主的政治学》
    浙江人民出版社2007年版
    第一译者
    《比较政治学：理论、案例与方法》
    北京大学出版社2008年版
    第二译者
    《政治科学的理论与方法》
    中国人民大学出版社2006、2013版
    第三译者
    国家制度竞争力的基础要素、衡量标准与新时代的制度建设
    《新华文摘》2020年第1期
    独著
    作为政策分析框架的政策基因、政策环境和政策诊疗
    《中国行政管理》2019年第11期
    独著
    作为制度变革的法治建设模式：一种统摄性法治理论的建构
    《政治学研究》2015年第4期
    独著
    国家能力的质量和转型升级研究
    《中国社会科学文摘》2014年12期
    独著
    国家能力理论视野下的政府危机管理能力
    《中国行政管理》2010年第1期
    独著
    建设浅层法治：从政府与公民两个主体看中国法治建设的途径
    《中国行政管理》2007年第9期
    独著
    分配正义，权利正义与权力的正当性
    《中国社会科学文摘》2006年5期
    独著
    民族国家政治能力研究
    《中国行政管理》2006年第2期
    独著
    制度变革机制研究
    《比较政治学研究》2019年第1辑
    独著
    中国法治指标体系的设计基础与原则
    《新视野》2017年第2期
    独著
    强化全国人民代表大会的宪法保障职能
    《复旦政治学评论》2015年第1辑
    独著
    知识增长的认识框架与政治学新思维
    《比较政治学研究》2014年第1辑
    独著
    国家建设理论范式的发展与实践创新
    《甘肃行政学院学报》2014年4期
    第一作者
    民主转型与巩固
    《比较政治学研究》2012年第1辑
    独著
    社会主义多民族国家制度性国家认同的实现机制
    《浙江社会科学》2011年第5期
    独著
    政治发展陷阱与政治发展资源
    《浙江学刊》2010年第4期
    独著
    从公共卫生事件应对过程看国家权力、公民权利与义务
    《中国人民大学学报》2010年2期
    独著
    宪法社会化、宪法文化建设与大众宪政主义
    《社会科学》2008年第1期
    独著
    美国联邦最高法院在教育纠偏行动中的宪法价值选择空间
    《浙江社会科学》2008年第8期
    独著
    宪法范畴、宪法理论的建构与宪制的维系
    《浙江学刊》2008年第5期
    独著
    论政治发展的政治能力建设
    《中国人民大学学报》2008年6期
    独著
    中国法治的生成与发展逻辑
    《政治与法律》2008年第11期
    独著
    社会转型时期的制度设计理论与原则
    《浙江社会科学》2007年第1期
    第一作者
    作为一种法律权利的社会福利权及其限度
    《浙江学刊》2007年第4期
    独著
    核心概念与概念体系的建构理论
    《华中师范大学学报》2006年3期
    独著
    政治能力建设：国家与社会关系视野中的政治发展与政治可持续发展模式
    《江苏社会科学》2006年第3期
    独著
    规则与公正：宪政经济学视野下的立宪、释宪与修宪
    《南京社会科学》2006年第9期
    独著
    宪法理解与宪政的建立和巩固
    《法制与社会发展》2006年第6期
    独著
    政治宪法、法律宪法、社会/公民宪法：民族国家政治能力增强的复合宪法模式
    《学术月刊》2005年第9期
    独著
    当代巴基斯坦政治动荡的宪法解释
    《学海》2005年第4期
    独著
    新制度主义：又一次范式革命？
    《华中师范大学学报》2005年3期
    独著
    公民权利与国家权力的界限
    《江淮论坛》2005年第2期
    独著
    比较政治学的理论困境与发展前景
    《社会科学》2005年第3期
    独著
    宪政挫折的分析框架
    《新视野》2004年第6期
    独著
    宪法危机理论：以美国内战与重建时期为例的阐释
    《法制与社会发展》2004年第5期
    独著
    民主巩固的序列分析模式
    《社会科学》2004年第3期
    独著
    论美国宪政历史上宪政正义的转变
    《云南社会科学》2004年第3期
    独著
    成果奖项名称
    授予单位时间
    奖励级别类型
    作为制度变革的法治建设模式
    2016年河北省社科联
    第十五届河北省社会科学优秀成果奖三等奖（独立获奖）
    国家能力的质量和转型升级研究
    2016年中共中央党校
    全国党校系统第十一届优秀科研成果奖三等奖（独立获奖）
  
"
王雄,2020年11月16日," 
 王雄，1982年9月生，中共党员，湖南郴州人，2015年6月毕业于中山大学政治与公共事务管理学院政治学理论专业，获法学博士学位，现任广州大学马克思主义学院讲师，广东省中国特色社会主义理论体系研究中心广州大学基地研究员、广州政协理论研究中心研究员，主要从事当代中国政治制度、当代社会思潮等领域的研究。在《社会科学》、《社会主义研究》、《浙江学刊》等刊物发表论文多篇，被《中国社会科学文摘》摘编1篇（3000字以上），人大复印资料全文转载2篇。
     主持的主要项目名称
     项目来源
     起止时间
     地方人大代表连任影响因素的实证研究
     广东省社科规划十三五规划项目
     2015-2019
     十八大以来新自由主义消极影响传控机制研究
     广东省教育厅创新强校项目
     2018-2020
     政治传播视域下历史虚无主义的发展趋势及应对研究：以广州市高校为例
     广州市社会规划十三五规划项目
     2018-2020
     取得的主要研究成果
     成果发表时间
     排名
     制度化视角下的人民政协民主监督现状、问题与优化
     《广州市社会主义学院学报》2018年第6期
     独著
     共青团承接青少年事务的实践与探索
     《青年探索》2017年第6期
     独著
     地方人大代表的选择性回应偏好及其原因：以M市人大为例
     《社会主义研究》2017年第2期
     独著
     执政党提名人大代表候选人制度及其影响
     《广州大学学报》（社会科学版）2017年第2期
     独著
     中国人大制度研究：一个比较视野下的理论述评
     《中国政治学年度评论》2014年第1期
     独著
     从制度范式到权力范式：海外视角下的中国人大制度研究
     《社会科学》2013年第8期
     独著
     公民身份视野下中国底层阶级的形成
     《浙江学刊》2013年第3期
     第一作者
     清末立宪两种宪政模式的比较——英国模式与德日模式
     《南方论刊》2011年第6期
     独著
     试论抽签民主的理论意义与可行性
     《山东行政学院学报》2011年第2期
     独著
"
李丽红,2020年11月16日,"
 李丽红，女，汉族，广州大学马克思主义学院讲师。在马克思主义哲学、人的主体性发展、人的发展与生态文明建设、思想政治教育等方面有一定的研究，在《广东社会科学》、《湘潭大学学报》、《理论月刊》、《广州大学学报》等刊物上发表论文数篇，参与著作三部。作为项目负责人完成广东省教育厅课题两项，在研广东省社科规划项目一个。教学上，曾经获得广东省教育厅青年教师比赛优秀奖，院校一等奖两次。
"
张琳,2020年11月16日," 
 张琳，讲师，从事《中国近现代史纲要》等课程教学与研究。国家精品在线开放课程《中国近现代史纲要》核心成员，曾获广东省高校思想政治理论课青年教师教育技能大赛三等奖，广东省信息化教学案例三等奖，广州市教育软件比赛（微课）一等奖。获“广州大学最受学生欢迎教师”称号，主讲课程获评为广州大学优质课程。参与国家社科基金项目研究多项，参编著作4部，获得广东省教育教学成果二等奖1项。
"
吴九占,2020年11月15日,"
 　　吴九占，中共党员，教授，硕士研究生导师。国家精品在线开放课程负责人，教育部优秀教学科研团队建设项目负责人，省级教学团队负责人，广东省哲学社会科学规划项目评审鉴定专家，广东省本科高校在线开放课程指导委员会委员，中国现代史料学会理事，广州市党史学会副会长。主要从事党史党建以及思政课教学与研究，主持国家及部省级项目23项，主持市厅级项目13项，出版著作（独著、合著、主编）8部；发表学术论文130多篇；获国家精品在线开放课程；教育部“精彩教案”、“精彩多媒体课件”；山西省优秀图书一等奖；广东省社会科学优秀成果二等奖；广东省教学成果一等奖、二等奖；广东省优秀教学示范片二等奖；广东省优秀教案二等奖等奖励。 
    主持的主要项目名称
    项目来源
    起止时间
    基于SPOC的思政课“翻转课堂”教学有效性评价体系研究
    国家社科基金一般项目
    2019—2022
    高等师专政教专业教学模式的改革研究
    国家“师范教育发展”改革项目
    1996—1999
    思想政治理论课网络教学辅助课堂教学的实践探索与研究
    教育部优秀教学科研团队建设项目
    2019—2021
    基于SPOC的思政课线上线下混合式教学设计与改革探索
    教育部产学合作协同育人项目
    2019—2020
    中国共产党执政能力评价体系研究
    教育部人文社会科学研究专项任务项目
    2009—2011
    高校思想政治理论课“精彩教案”研究制作
    教育部人文社会科学研究专项任务项目
    2009—2009
    高校思想政治理论课“精彩多媒体课件”研究制作
    教育部人文社会科学研究专项任务项目
    2009—2009
    灾害科学理论的综合研究
    国家民政部、国家灾委专项项目
    2006—2009
    中国共产党文化执政力评价体系研究
    广东省哲学社科规划项目
    2012—2015
    社会主义核心价值观视域下的岭南节日节庆
    广东省宣传思想文化人才专项项目
    2015—2017
    习近平反腐倡廉思想研究
    广东省扶持重点学科项目
    2017—2019
    “主体人格教育”教学模式——基于大学生个性化发展的思政课教学改革探索
    广东省高等教育教学改革项目
    2012—2014
    中国近现代史纲要
    广东省本科教学质量工程项目
    2013—2017
    基于主体性人格培养的思政课问题解析教学模式改革
    广东省省级德育创新项目
    2015—2016
    基于MOOCs的思政课“翻转课堂”教学模式研究与实践
    广东省高校教育教学改革项目
    2015—2017
    中国特色社会主义理论与实践研究课程微视频案例库建设
    广东省学位与研究生教育改革项目
    2015—2017
    “马克思主义中国化研究”教学团队
    广东省质量工程项目
    2017—2019
    中国特色社会主义理论与实践研究课程建设
    广东省研究生教育创新项目
    2018—2019
    基于SPOC的翻转课堂教学有效性实证研究
    广东省教育科学规划项目
    2016—2018
    取得的主要研究成果
    成果发表时间
    排 名
    中国特色政党制度与政党建设
    辽宁大学出版社2018年9月版
    合著1
    中国近现代史纲要慕课配套教材
    辽宁大学出版社2019年版
    主编
    社会主义市场经济理论与实践问题研究
    山西人民出版社2002年版
    主编
    马克思主义多党合作学说及其中国化的理论与实践
    《马克思主义与现实》2008年第3期
    独著
    辩证思维在决策中的运用
    《哲学动态》1994年第10期
    独著
    第一次国共合作的“党内合作”形式新探
    《社会科学战线》2006年第4期
    独著
    土地问题上的分歧与国共第一次合作的破裂
    《史学月刊》1993年第4期
    独著
    再论国共“党内合作”的维持与破裂
    《西南师范大学学报》2002年第6期
    独著
    论1924年国民党改组后的政党性质
    《甘肃社会科学》2004年第3期
    独著
    论苏联、共产国际对北伐态度的演变
    《社会科学辑刊》2005年第3期
    独著
    论共产党在大革命领导权问题上的误区与教训
    《甘肃社会科学》2005年第4期
    独著
    国共“党内合作”最好说的多维质疑
    《甘肃社会科学》2006年第3期
    1
    论毛泽东战略决策的思维特色
    《江西社会科学》2004年第2期
    独著
    党的执政能力评价指标体系研究
    《求实》2009年第1期
    独著
    论党的执政能力评价的特点
    《求实》2011年第3期
    1
    江泽民对统一战线理论的发展与创新
    《学术论坛》2005年第1期
    独著
    共产国际的策略战线与国共党内合作的逻辑发展
    《河南师大学报》1996年第6期
    独著
    推进农村城镇化建设若干政策措施研究
    《学术交流》2003年第1期
    独著
    基于SPOC思想政治理论课“翻转课堂”教学效果的多维分析
    《思想理论教育导刊》2018年第8期
    1
    人才培养目标的转变与教学模式的改革
    《黑龙江高教研究》2005年第5期
    独著
    中国近现代史纲要教学实效性分析
    《黑龙江高教研究》2007年第9期
    独著
    在思想政治理论课教学中实施主体性人格教育
    《教育评论》2009年第5期
    独著
    成果奖项名称
    授予单位时间
    获奖名称
    中国近现代史纲要
    教育部2019年
    国家精品在线开放课程（排名1）
    毛泽东思想、邓小平理论和“三个代表”重要思想概论
    广东省人民政府2007年
    广东省社会科学优秀成果二等奖（参与）
    “坚持精品质、铸就真信仰”思想政治理论课教学改革与实践
    广东省教育厅2019年
    第九届广东省教育教学成果奖（高等教育）一等奖（参与）
    以“受欢迎”教学团队建设引领思想政治理论课教学的探索与实践
    广东省教育厅2018年
    第八届广东省教育教学成果奖（高等教育）二等奖（参与）
  
  
  
 "
涂成林,2020年11月16日,"
 涂成林，教授，博士，博士生导师，国家“万人计划”哲学社会科学领军人才,中宣部“文化名家暨四个一批”领军人才，广东省“特支计划”宣传思想文化领军人才，广州市杰出专家，享受国务院颁发的政府特殊津贴。主要从事现代西方哲学、唯物史观、文化安全及城市发展战略等方面的理论与对策研究。先后主持国家社科基金重大招标项目、国家社科基金一般项目和省部级项目等20余项；先后在《中国社会科学》《哲学研究》《教育研究》等刊物发表论文120余篇，40多篇论文被《新华文摘》《中国社会科学文摘》等转载；独著或合著有《现象学的使命—从胡塞尔、海德格尔到萨特》、《亚细亚生产方式与东方社会发展道路》、《自主创新的制度安排》、《国家软实力与文化安全研究》等10余部；撰写咨询报告先后均获国家、省市主要领导批示采纳；相关研究成果省哲学社会科学优秀成果一等奖、教育部高校科学研究优秀成果三等奖等10余奖项。
 代表性课题：
 1、国家社科基金重大项目：核心价值视域下维护国家文化安全，2014.12-2017.12
 2、国家万人计划领军人才项目：国家文化安全视野下提升区域文化软实力研究，2018.12-2020.12
 3、国家社科基金一般项目：维护国家文化安全的综合研究，2011.07-2015.08
 代表性成果：
 1、《历史阐释中的历史事实和历史评价问题——基于马克思唯物史观的基本理论和方法》，载《中国社会科学》2017年第8期
 2、《世界历史视野中的亚细亚生产方式——从普遍史观到特殊史观的关系问题》，载《中国社会科学》2013年第6期
 3、《治水社会与东方专制主义的互动逻辑——基于马克思与魏特夫的比较视角》，载《哲学研究》2013年第3期。
 4、《亚细亚生产方式类型与东方发展道路》，载《哲学研究》2014年第4期。
 5、《大学科研服务社会的模式与机制研究》，载《教育研究》2011年第12期。
 6、《地方学学科建构的路径探索——以“广州学”为例》，载《教育研究》2018年第11期。
 7、《马克思主义意识形态批判视野下国家文化安全研究》，载《马克思主义与现实》2018年第5期
"
刘雪松,2020年11月16日," 
 刘雪松 中共党员，广州大学马克思主义学院思想政治教育系副教授。从事《思想道德修养与法律基础》等相关课程教学36年，曾任德育教研室主任、思想政治教育系支部书记等17年。
 2001年，荣获广东省优秀教学成果二等奖（省教育厅）。
 2007年，荣获全国思想政治理论课“精彩一课”奖励（教育部）。
 2017年，指导学生李海琪等荣获全国高校“我心中的思政课”微电影大赛三等奖（教育部主办、武汉大学承办）。
 2006年，荣获广州市“优秀共产党员”称号。
   2009年，荣获广州市“优秀教师”称号。
 2008年、2017年，率所在支部两次荣获省级“优秀党支部”表彰。
 2016年，指导学生周芷如荣获广东省师范技能大赛一等奖。 
 自2009年至2017年，七次荣获广州大学“最受学生欢迎教师”称号。
 自2001年起，荣获校级教学优秀一等奖5次、二等奖2次。
   所任《思想道德修养与法律基础》课，于2006年成为广州市精品课程，2008年被评为广东省思想政治理论课优质课程。
 授课风格：激情大气、知识广博、信息丰富、形式活泼、针对性强。
"
陈志伟,2020年11月16日," 
   陈志伟，中共党员，博士，广州大学马克思主义学院讲师。2017年6月毕业于复旦大学哲学学院，获哲学博士学位，2017年7月参加工作，主要承担《马克思主义基本原理》《西方哲学史》等课程的教学。主要从事现代西方哲学、西方马克思主义、当代社会思潮等问题的研究，先后在《世界哲学》、《社会科学》等刊物发表文章多篇。
 1、陈志伟：《“图型”与“类型”——透视康德与胡塞尔的先验哲学》，《社会科学》，CSSCI,2017年第4期
 2、陈志伟：《恶是怎么来的？——从莱布尼茨的神正论和熊十力的“大用流行”来看》，《基督教学术》,CSSCI,2016年12月，第十六辑 
 3、陈志伟：《马克思在<1844年经济学哲学手稿>中对“异化”的突破——以胡塞尔的现象学为对照 》，《理论界》，2017年第2期，总第522期
 4、陈志伟：《对虚拟现实与现实的哲学反思》，《内蒙古社会科学》CSSSCI，2017年第4期，总第224期
 5、陈志伟：《蔡元培的“美育代宗教说”及谢扶雅的回应——从宗教与艺术关系的角度看》，《基督教思想评论》CSSCI，2018年11月，总第二十三辑
 6、陈志伟：《辩证法——在胡塞尔与马克思之间》，《现代外国哲学》, 2018年秋季号，总第15辑
 7、陈志伟：《谢扶雅的上帝论及其哲学基础》，《世界宗教文化》CSSCI，2019年第3期
 8、陈志伟：《查尔斯•泰勒的脱嵌理论及其影响》，《云南大学学报（社会科学版）》，北大核心，第18卷，2019年第5期
 9、陈志伟:《论泰勒的“从宇宙到寰宇的转型”及其世俗化效应》，《世界哲学》，权威期刊（一B）、CSSCI期刊，2019年第6期
"
胡宜安,2020年11月16日,"
 　　胡宜安（1963.12—）中共党员，教授，硕士研究生导师。受聘北京市癌症防治学会生死学与生死教育专业委员会主任委员。主持教育部人文社会科学研究项目一项，主持国家精品在线公开课一门，出版专著一部；在《伦理学研究》、《中国医学伦理学》等重要刊物公开发表学术论文20余篇，获评2015年广州市优秀教师。  
    主持的主要项目名称        
    项目来源        
    起止时间        
    “从病理学走向人本学：思想政治教育方法论转换——基于问题学生研究”
    教育部人文社会科学研究项目        
    2012-2015       
    在线学习交互环境的意义与建构初探
    广东省教育教学改革项目       
    2017-2019       
    “生死学”精品视频公开课        
    广东省省级本科教学质量工程        
    2015-2017       
    取得的主要研究成果 
    成果发表时间  
    排 名        
    现代人的死亡困境与现代性
    中国医学伦理学2018.5
    独撰        
    文化变迁视野下的中学师生冲突与问题学生现象
    华南师范大学学报，2015.08
    独撰        
    生命教育始源文本探析——基于大学生的生命书写 
    现代教育科学-高教2015.03
    独撰        
    通识教育走向生命化的理论与实践——以《生死学》选修课为个案 
    当代教育理论与实践2015.09
    独撰        
    和谐理性：中国共产党执政理性的成熟
    江汉论坛,2012.05
    独撰        
    社会公平：在底线诉求与最大诉求之间建构内在张力 
    伦理学研究,2012.06
    独撰        
    发展的合法性与和谐理性的建构 
    深圳大学学报,2010.05
    第一        
    论生命教育的内涵及其本质
    教育评论2010.12
    独撰        
    现代生死学导论
    广东高等教育出版社，2009.1   
    独撰        
    成果奖项名称
    授予单位时间
    奖励级别及类型        
    国家精品在线开放课程《生死学》        
    教育部2019-1
    国家级        
   
  
 "
刘莉,2020年11月16日,"
         
 　　刘莉，中共党员，博士，教授，硕士生导师，主要从事马克思基本原理研究。兼任国家社科基金评审与成果鉴定专家，广东省社会主义辩证法学会理事，获广东省理论宣传青年优秀人才、广州市宣传思想战线优秀人才称号。主持国家项目1项、省、教育部项目4项、市级项目5项，独立出版专著2本，另参编著作5部，在《马克思主义研究》、《马克思主义与现实》、《教学与研究》、《科学社会主义》等杂志发表论文50篇以上。  
    主持的主要项目名称
    项目来源
    起止时间
    马克思主义关于城市发展理论与当代中国城市化研究      
    国家社科基金青年项目      
    2010.06-2015.09      
    多元文化场中大学生跨文化交往力的提升      
    教育部人文社科项目      
    2009.12-2013.12      
    微传播视域下高校意识形态安全工作研究      
    共青团中央      “青少年研究”项目      
    2019.07-2020.12      
    基于城市空间正义的新时代城市空间治理研究      
    广东省社科规划项目      
    2018.01-2021.08      
    马克思主义流派的后殖民主义的思想研究      
    广东省社科规划项目      
    2007.12-2009.12      
    马克思主义视域的城市空间正义及我国城市空间治理研究      
    广州市社科规划项目      
    2018.03-2020.3      
    学科教学（思想政治教育）教育硕士教学案例库建设      
    广东省研究生改革      创新项目      
    2016.01-2017.12      
    城市的空间文化逻辑和空间文化形象研究      
    广东省普通高校特色      创新类项目      
    2016.01-2017.12      
    广州城市精神和城市形象研究      
    广州市社科规划共建项目      
    2015.06-2016.06      
    后殖民主义的马克思主义对经典马克思主义的历史发展      
    广州市社科规划项目      
    2007.08-2008.08      
    城市的文化逻辑和文化意象塑造      
    广州市“羊城学者”项目      
    2013.01-2015.12      
    取得的代表性研究成果
    成果发表时间
    排名
    马克思主义城市空间发展论      
    人民出版社2019年      
    独著
    马克思主义视域中的后殖民理论      
    湖北人民出版社2007年版      
    独著
    历史—地理唯物主义视野中城市经济空间的演进路径与地理趋势      
    《学术研究》      2018年11期      
    独立
    高校思想政治理论课教师实践品格的提升研究      
    《中国高等教育》      2017年3期      
    独立
    居伊&middot;德波对“景观”幻象的批判路径及其当代价值      
    《华南师范大学学报》      2017年2期      
    独立
    资本全球空间结构中城市空间地理的演变      
    《教学与研究》      2016年11期      
    独立
    当代资本主义社会的商品幻象及其变化逻辑      
    《科学社会主义》      2014年第5期      
    第一
    西方马克思主义女权主义的演进和裂变逻辑      
    《教学与研究》      2014年10月      
    独立
    红色文化:高校社会主义核心价值观教育的重要资源      
    《教育探索》　　　　2014年第3期      
    第一
    毛泽东马克思主义大众化思想中的认知心理因素      
    《科学社会主义》　　　　2012年第6期      
    独立
    在爱国主义教育中培养学生跨文化交往力      
    《思想理论教育》　　　　2012年第11期      
    第一
    消费主义价值观影响下大学生社会主义核心价值体系教育 
    《思想教育研究》　　　　2010年第2期      
    第一
    全球化场域中中华民族文化身份与民族认同的建构      
    《思想战线》2011年第6期（人大复印资料2012年第2期《民族研究》全文复印）      
    独立
    恩格斯早期城市社会学思想及其当代回响      
    《马克思主义与现实》 2009年第6期 
    独立
    跨国资本的霸权逻辑和变化逻辑     
    《教学与研究》　　　　2009年第7期 
    独立
    阿里夫&middot;德里克的全球资本主义批判思想      
    　　《马克思主义研究》      　2009年第4期      
    独立
    美女经济中的权力关系      
    《广州大学学报》　 《中国社会科学文摘》　　　2008年11期转载      
    独立
    马克思主义视阈中的后殖民理论     
    《教学与研究》            2007年第8期      
    独立
    《共产党宣言》：中国共产党理论创新的历史根脉      
    《理论与评论》              2019年1期      
    独立
 "
吴端玲,2020年11月16日,"
         
 　　吴端玲，中共党员，副教授，1991年毕业于中山大学哲学系。主要承担《毛泽东思想和中国特色社会主义理论体系概论》课程的教学工作。
    获奖情况
    时间 
    颁奖单位 
    广州师院优秀教师
    2000年 
    广州师院 
    广州大学优秀教师
    2001年 
    广州大学
    广州大学优秀教师 
    2007年
    广州大学
    取得的主要研究成果
    成果发表时间
    排 名
    农村基层党组织建设研究
    《理论月刊》06-10
    独立完成
    民营企业自主创新能力研究 
    《湖北社会科学》07-3 
    独立完成
    经济全球化与大学生民族自信心
    《当代教育论坛》宏观教育研究07-4
    独立完成
    提高《毛泽东思想、邓小平理论和三个代表重要思想概论》课程教学的实效性
    《当代教育论坛》09-1 
    独立完成
    全球化条件下我国中小企业动态能力初探
    《理论月刊》2011-4
    独立完成
    大力提升高校思想政治理论课教师的信息素养
    《文教资料》2012-14 
    独立完成
    全球化条件下我国民营企业动态能力初探
    《改革与战略》2012-6 
    独立完成 
       
        
       
        
 "
王游,2020年11月16日,"
     
     王游，经济学副教授，从教30年，主讲《毛泽东思想和中国特色社会主义理论体系概论》、《创业理论与实践》、《财政学》、《国家税收》、《基础会计》、《西方经济学》等课程教学，主要研究领域是创新创业教育、产业经济、项目管理，主持和参加过省部级、市局级和校级课题12项，公开发表论文和出版著作20余篇（部）。    
    主持的主要项目名称
    项目来源
    起止时间
    走向课程理解范式：高校创新创业教育课程建构的研究
    广东省哲学社会科学“十三五”规划一般课题（GD18CJY13）
    2019-2021（在研）
    高校创新创业教育及其课程组织的研究
    广州市教育局教育科学面上重点项目
    2015-2017（结题）
    广州市创业软环境问题研究
    广州市教育局社会科学一般课题
    2011-2013（结题）
    广州大学创新创业教育信息服务平台的建设
    广州市教育局创业教育活动类专项课题
    2014-2015（结题）
    广州青年创新创业学习情况调查研究报告
    广州青年运动史与青年发展研究中心
    2015-2016（结题）
    高校创新创业教育人才培养观念转型研究
    广州青年运动史与青年发展研究中心
    2013-2014（结题）
    取得的主要研究成果
    成果发表时间
    排名
    我国高校创新创业教育哲学观的思考
    《广东社会科学》2013年第1期
    独著
    珠三角物联网产业技术创业激励政策的战略思考
    《企业经济》2014年第6期
    第一作者
    大学创新创业教育“整合型”课程模式探索
    《教育评论》2019年第7期
    第一作者
       
  
"
陈秋云,2020年11月16日,"
 陈秋云，副教授，1992年7月毕业于华南师范大学政法系法律专业，本科，法学学士。2006年6月获得中山大学思想政治教育专业硕士学位。从 1992年7月开始在广州师范学院（后合并为广州大学）担任《法律基础》、《思想道德修养与法律基础》、《形势与政策》等课程教学工作,以饱满的教学热忱、认真负责的教学态度、深厚的法律功底、丰富的人生阅历为大学学子们传道解惑，引导他们树立积极的人生观、世界观和价值观。教学效果良好，深得学生喜欢。
"
李俊彪,2020年11月16日," 
 李俊彪，1964年生，中共党员，副教授。1987年7月毕业于华中师范大学政治系政治理论教育专业；1987年至1999年在广州师范学院政治经济管理系马克思主义政治经济学教研室担任老师，主要讲授马克思主义政治经济学、西方经济学、西方经济学说史、市场经济学等课程的教学工作；2000年至2004年在广州大学法学院政治系工作；2004至2012年在广州大学社科部担任老师，主要从事邓小平理论概论、毛泽东思想和中国特色社会主义理论体系概论的教研工作；2012年至今，在广州大学马克思主义学院工作，主要担任毛泽东思想和中国特色社会主义理论体系概论课的教研任务，同时还开设全校公共选修课——《当代中国经济社会热点问题》。参与省部级科研项目3项，发表论文10多篇，参编专著2本、教材4本。
     取得的主要研究成果
     成果发表时间
     排名
     马克思主义廉政学说
     社会科学文献出版社        
        2016年
     合著
     中国共产党在统战工作中的引领和整合功能
     《广西社会主义学院学报》        
        2013年第3期
     独著
     毛泽东党风廉政建设思想及其启示
     《广州大学学报》        
        2011年第5期
     独著
"
黄罡,2020年11月16日,"
 黄罡，广州大学马克思主义学院讲师，英国伦敦大学政治学博士、诺丁汉大学批判理论与文化研究硕士，广东省中国特色社会主义理论体系研究中心广州大学基地研究员、广东省习近平新时代中国特色社会主义思想研究中心广州大学基地研究员。主要从事政治哲学、当代中国政治发展及西方批判理论的教学和研究工作。
 自2018年9月加入广州大学，先后在CSSCI来源期刊（非扩展版）发表关于政治哲学、中国国家治理现代化及西方社会理论和治理困境等领域的系列论文：
     序号
     论文题目
     本人排名
     发表刊物
      发表时间
      刊物级别 
     1
     一个新的起点：论延安文艺路线对大众话语政治的确立
     独立作者
     学术前沿
      2019年6月下
     CSSCI（非扩展版）
     2
     种族、突变和消耗：西方生命政治中的异质化
     独立作者
     湖南科技大学学报（社会科学版）
      2020年第1期
     CSSCI（非扩展版）
     3
     后“9·11”时代西方流动性治理的异质化困境
     独立作者
     学术前沿
      2020年2月上
     CSSCI（非扩展版）
     4
     西方“群体免疫”谱系逻辑中的生命安全悖论探析
     独立作者
     学术前沿
      2020年10月下
     CSSCI（非扩展版）
     5
     走中国式现代化新道路
     独立作者
     人民日报（理论版）
     2021年9月15日
     CSSCI一A权威
     6
     探索中国特色社会主义现代化的基本启示
     独立作者
     中国社会科学报
      2021年11月23日
     重要报纸文章
     7
     开辟国家治理现代化的新境界
     合著
     广州日报（理论版）
     2019年12月16日
     重要报纸文章
     8
     中国化政治话语体系建构的要义与理路
     合著
     政治学研究
      2020年第3期
     CSSCI一A权威
     9
     经济特区：由发展转轨到治理转型的助推器
     合著
     学术研究
      2020年第11期
     CSSCI一C权威
  
 主持的科研项目：
 1.广州市哲学社科发展规划2021年度项目：“把我国制度优势转化为国家治理效能的实现路径与保障机制研究（2021GZGJ114）”；
 2.广州大学人才培养项目：“后9·11西方流动性治理中的异质化及困境（2RP2020043）”。
 同时参与了国家社科基金重大项目：“从严管党治党，提高党治国理政能力和水平研究”、中宣部文化名家暨“四个一批”人才专项资助项目：“国家治理现代化的要义与理路研究”等课题的研究工作，并作出积极贡献。
"
罗迪,2020年11月16日,"  
　　罗迪，副教授，博士，硕士生导师，广州大学党委宣传副部长。主要从事大学生思想政治教育研究、青年网络行为研究。主持参与国家、省部级课题多项。其中，主持国家社会科学基金项目1项，教育部哲学社会科学研究项目1项。出版合著2部，发表论文10余篇。  
   主持的主要项目名称
     项目来源      
    起止时间
   “微时代”环境下大学生思想行为研究
   国家社会科学基金青年项目
   2014-2019
   大学生网络政治参与影响高校稳定的实证研究      
   教育部哲学社会科学研究（高校思政&middot;党建、稳定、网络专项）重大课题委托项目
   　　  2008-2010  
   网络交往对大学生现实交往的影响      
   广东省高等学校思想政治教育课题      
   2010-2012
   取得代表性研究成果      
     成果发表时间      
   排名      
    《掌媒：手机化生存》 
   南方日报出版社2019年
   合著
   《我们的大学需要什么样的精神》      
   广东人民出版社2014年
   副主编
   《“微时代”环境下大学生价值观研究》      
   《马克思主义理论学科研究》2017.3
   独著
   《微时代大学生思想行为新样态透析》      
   《中国青年研究》2015.4
   独著
   《中国特色社会主义：更好社会制度的成功探索》      
   《南方日报》（理论版）2016年9月12日A2      
   独著
   《文化认同视角下的大学生社会主义核心价值观教育》
   《思想教育研究》2014.2
   独著
   《论网络社会精神生活的基本特征》      
   《求实》2014.9
   独著
   《“掌媒”时代社会舆论生态透析》      
   《青年记者》2016.8
   独著
   《青年网络政治参与与政治稳定》      
   《中国青年研究》2007.3
   独著
   《争论中的“网络民族主义”》      
   《中国青年研究》2006.5
   一作
   《大学生国家安全意识调查研究》      
   《青年探索》2007.1
   独著
   《当代青年：网络政治时代的主角》      
   《中国青年报》2007.7.22 
   独著
 
   
 
 
 
"
龚耀南,2020年11月16日," 
  
         龚耀南，中共党员，副教授，形势与政策课负责人。发表论文20余篇，参编出版论著9本，主持和参与10余项课题研究。曾获得广东南粤优秀教师、广东高校“两课”优秀教师、广州市优秀共产党员、广州大学优秀教师和优秀共产党员以及教学优秀奖一等奖等荣誉，2009年起连续十年被评为广州大学“最受学生欢迎的老师”。   
    主持的主要项目名称        
    项目来源        
    起止时间        
    教师和谐感的研究        
    广州大学研究课题        
    2007-2008年        
    大学生公民意识教育实践模式研究        
    广州市青年运动史与青年发展研究中心项目        
    2013-2015年        
    广州大学网络课程《当代世界经济与政治》建设        
    广州大学网络课程建设课题        
    2008-2009年        
    取得的主要研究成果        
    成果发表时间        
    排  名        
    《论责任感的度》        
    《社会科学家》2003，6       
    独著        
    《论教师责任感的强度及限度》        
    《教育探索》2004，4        
    独著        
    《试论江泽民的责任观》        
    《毛泽东思想研究》2004，1        
    独著        
    《论享受责任的新境界》        
    《广西社会科学》2003，7        
    独著        
    《对责任感培养的再认识》        
    《湖北社会科学》2003，9        
    独著        
    《道德教育一体化的现状反思》        
    《湖北社会科学》2004，9        
    独著        
    《论责任感的强度及限度》      
    《广州广播电视大学学报》2003，3        
    独著        
    《论教师的和谐感》      
    《广西社会科学》2009，4        
    独著        
    《对和谐感培养的新认识》      
    《湖北社会科学》2009，3        
    独著        
    《论和谐感的度》      
    《社会科学辑刊》2009，3        
    独著        
    《试谈教师的限度观》      
    《教育探索》2011，6        
    独著        
    《重视限度观的培养》      
    《成人教育》2011，11        
    独著        
    《略论限度观》        
    《广州大学学报》2011，10        
    独著        
    《限度管理及其对学校管理的启示》 
    《教学与管理》2012，9    
    第二作者　　  
    《论高师学生德育能力的培养》
    《广东教育学院》2000，1        
    独著        
    《师范生道德行为观的调查报告》 
    《广州师院学报》1999，12        
    独著        
    《论新时期教学的新境界》
    《广州大学学报》2004，12        
    独著        
    《师范生德育能力的现状分析》
    《中山大学学报论丛》1999，6        
    独著   
    成果奖项名称        
    授予单位时间        
    奖励级别及类型        
    《坚持科学发展，把握好和谐感的度》
    广州市属高校政研会论文二等奖    
    广州市属高校政研会，2008
    《建立师德建设长效机制的思考与实践》
    广州市第九届教学成果奖三等奖（第二获奖者）
    广州市教育局，2013年 
  
 "
李丽丽,2020年11月16日,"
 李丽丽，1984年4月生，哲学博士，广州大学马克思主义学院副教授，思想政治教育系主任，兼任广州市哲学学会监事长。主要研究方向为马克思主义哲学、政治哲学，近年来主要从事马克思的共同体思想及“人类命运共同体”研究。先后主持国家社科基金项目1项，教育部人文社科项目1项，广东省哲社项目1项；在《教学与研究》《科学社会主义》等刊物发表学术论文10余篇；曾荣获广州大学第十届青年教师课堂教学竞赛优秀奖。 
     主持的主要项目名称
     项目来源
     起止时间
     马克思理想社会共同体视域下的“人类命运共同体”研究（18CKS037）
     国家社科基金青年项目
     2018-2021
     马克思的共同体思想与当代世界“人类命运共同体”建构研究（17YJC710041）
     教育部人文社科基金青年项目
     2017-2020
     高校中的价值虚无主义研究——基于“学术资本主义”的思考（GD15XZX04）
     广东省社科规划学科共建项目
     2016-2019
     个人与社会共同体间的分裂与和解——论马克思社会理论的当代价值（14Q01）
     广州市社科规划青年项目
     2014-2017
     取得的主要研究成果
     成果发表时间
     排名
     个体与共同体实现和解的两条道路——马克思对黑格尔的批判与超越
     《科学社会主义》2012年第6期
     C刊论文独著
     何为现实的个人？何为真实的共同体——马克思对施蒂纳的继承与超越
     《山东社会科学》2013年第5期
     C刊论文独著
     “学术资本主义”中的资本逻辑与文化逻辑
     《云南社会科学》2017年第6期
     C刊论文独著
     人类命运共同体的思想史溯源——个体和共同体关系的视角
     《江西社会科学》2018年第5期
     C刊论文独著
     作为一种文化现象的“学术资本主义”
     《文化研究》2020年第1期
     C刊集刊论文独著
     重大疫情背景下的个人理性与共同体秩序：溯源与当代回响
     《云南社会科学》2020年第3期
     C刊论文独著
     工具理性对人文精神的僭越——从《启蒙辩证法》看“学术资本主义”
     《教学与研究》2020年第5期
     C刊论文独著
     马克思理想社会共同体思想的三个向度
     《广东社会科学》2020年第5期
     C刊论文独著
  
"
黄禧祯,2020年11月16日,"
     黄禧祯，中共党员，教授，硕士生导师，广州大学马克思主义学院副院长，广州市经济管理学会副会长。主要从事马克思主义哲学、公共关系学和青年工作学等教学和研究。长期致力于《马克思主义哲学》课程的教学改革和课程建设，主持完成省、市级教研课题10多项，主编出版《哲学教程新编》等教材2部，取得省级教学成果奖4项、市级奖2项，是《马克思主义哲学》省级精品课程与优质资源课程主持人之一和骨干成员；近年致力于马克思主义大众化及其哲学教育生活化研究，主持国家社会科学基金项目1项，主持完成省级科研课题2项、市级重点研究课题2项，获得1项市级社会科学优秀成果奖三等奖；出版《哲学教育的新语境》等专著3部，《青年文化引论》等合著8部；发表论文40余篇。获得南粤优秀教师、市级优秀共产党员、校级教学名师和“十佳青年教师”等多项称号。  
    主持的主要项目名称        
    项目来源
    起止时间        
    主体多质化背景下理论宣传的生活范式研究
    国家社科基金一般项目  
    2015—2018        
    《马克思主义基本原理概论》与高中政治必修课“哲学与生活”的联系与区别研究 
    广东省“思政”专项 
    2010—2011        
    哲学教育生活化——马克思主义大众化的叙事学研究        
    广东省教育科学十一五规划项目        
    2009—2012        
    马克思主义哲学教育        生活化研究        
    广州市教育局面上重点项目        
    2009—2012        
    信息时代的马克思主义哲学教育研究        
    广州市教育局面上重点项目        
    2005—2008        
    少先队工作专业化建设的问题与对策研究
    广州市社科联等        
    2015—2016        
    取得的代表性研究成果        
    成果发表时间        
    排  名        
    《哲学教育的新语境》        
    广东人民出版社2010年版        
    独著        
    《马克思主义哲学的现代思考》       
    广东高等教育出版社2006年版        
    专著        第一作者        
    《高等学校公共关系导论》        
    广东高等教育出版社1994年版        
    独著        
    《青年文化引论》        
    花城出版社1994年版        
    合著        （排名第二）       
    《都市群众文化》        
    广州出版社1993年版        
    合著        （排名第二）       
    《公共关系学通用教程（修订版）》        
    武汉大学出版社2017年版        
    主编        
    《哲学教程新编》        
    广东人民出版社1997年版        
    主编        
    马克思主义哲学中国化研究的理论自觉        
    《马克思主义与现实》        2011年第2期        
    独著        
    马克思主义哲学教育生活化的思考        
    《马克思主义与现实》        2008年第3期        
    排名第二        
    马克思社会发展观的价值维度——从共产党宣言说开        
    《马克思主义与现实》        2006年第4期        
    独著        
    马克思主义哲学教育“转识成智”的思考 
    《哲学动态》        2012年第6期        
    独著        
    生活化:马克思主义哲学大众化的教育范式
    《学术研究》        2013年第1期        
    独著        
    思想政治教育的话语困境片论        
    《学术研究》        2007年第8期        
    独著        
    论科学发展观的致思路向        
    《江汉论坛》        2007年第7期        
    排名第一        
    和谐社会的哲学解释        
    《湘潭大学学报》        2006年第5期        
    排名第一        
    网络时代青年文化的内在矛盾及其成因        
    《思想理论教育》        上半月．综合2006年第1期        
    独著        
    论哲学教育生活化的叙事问题        
    《教育评论》        2011年第1期        
    独著        
    马克思主义哲学教育生活化的实践向度 
    《教育评论》        2008年第3期        
    独著        
    哲学教育教学改革探略 
    《教育评论》        2007年第3期        
    独著        
    论哲学教育主体间性的教学模式       
    《现代教育科学》        2011年第5期        
    独著        
    科学发展观的哲学之思        
    《光明日报》理论版2006年6月26日，3000字        
    独著        
    成果奖项名称
    授予单位时间
    奖励级别及类型
    专著《哲学教育的新语境》
    2012年   广东市人民政府
    2010-2011年度哲学社会科学优秀成果三等奖（独立获奖）
    “坚持精品质、铸就真信仰”思想政治理论课教学改革与实践   
    2019年   广东省教育厅
    第九届广东省教育教学成果奖（高等教育）一等奖（参与）
    以“受欢迎”教学团队建设引领思想政治理论课教学的探索与实践        
    2018年   广东省教育厅
    第八届广东省教育教学成果奖（高等教育）二等奖（参与）
    生活化：《马克思主义哲学原理》课程教学模式新探 
    2009年广东省教育厅
    第六届广东省优秀教学成果奖省级二等奖（参与）
    马克思主义哲学教学改革系列探索
    2001年   广东省人民政府
    广东省教学成果奖省级二等奖（排名第一）  
    《马克思主义哲学原理》网上课程
     2003年 广东省教育厅
    2002年度广东省软件评审高教组省级优秀奖（排名第一）   
    马克思主义哲学原理试验课  
    1998年广东省教育厅
    “第五批电教试验课市级三等奖”（排名第一）
   
  
  
    
 "
王翠华,2020年11月16日,"    王翠华，副教授，法学博士（思想政治教育学），2001年9月至2015年6月在华南师范大学思想政治教育专业学习，先后获法学学士、硕士、博士学位。2004年7月参加工作后先后担任辅导员、学生处七级专业技术人员，2019年至今兼任马克思主义学院学科教学（思政）专业型硕士导师、《毛泽东思想和中国特色社会主义理论体系概论》教师。  
　　近年来主持国家社科基金后期项目、教育部人文社会科学研究专项任务项目各1项，广东省教育科学规划课题、广东省哲学社会科学规划学科共建项目、广州市哲学社会科学发展“十三五”规划课题、广东省高等学校思想政治教育科研课题各1项，参与国家社科基金项目、教育部人文社会科学研究项目、省社科基金等多项；在学术刊物上发表论文多篇，参与出版编著2部。其科研项目及代表性研究成果如下：  
   主持的主要项目名称        
   项目来源        
   起止时间        
   新时代学校友爱教育研究 
   国家社科基金后期项目       
   2020—2022  
   政治仪式与社会主义核心价值观培育研究        
   教育部人文社会科学研究专项任务项目        
   2019—2021        
   政治仪式视域下的社会主义核心价值观培育研究        
   广东省教育科学规划课题（党的十九大精神研究专项）        
   2018—2020        
   社会主义核心价值观视角下的大学生友善价值观研究——基于广东省10所高校的实证调查        
   广东省哲学社会科学规划学科共建项目        
   2017—2020        
   大学生友善价值观研究        
   广东省高等学校思想政治教育科研课题        
   2014—2016        
   政治仪式涵养社会主义核心价值观的作用及机制研究   
   广州市哲学社会科学发展“十三五”规划课题      
   2017-2019                    
   取得的代表性研究成果        
   成果发表时间        
   排  名        
   论尼采的超人友爱观及其当代意义        
   《道德与文明》2017年第1期        
   独著        
   儒家仁学与古希腊友爱论：比较及启示        
   《现代哲学》2014年第2期                
   独著        
   论社会主义核心价值观之友善        
   《湖北社会科学》2014年第5期                
   独著        
   杜绝校园欺凌的根本在于推进友善教育        
   《中国德育》2016年第10期        
   独著        
   友善观——大学生成人的重要之维        
   《广州大学学报（社会科学版）》2015年第10期        
   独著        
  
 
"
孙晓媛,2020年11月16日," 
 孙晓媛，副教授，毕业于东北师范大学，法学硕士。从事《法律基础》、《思想道德修养与法律基础》、《法学概论》、《形势与政策》等课的教育研究工作。长期专注于法理学、民法学、刑法学的教学与研究，持续关注法治中国命题，致力于大学生法律意识的启蒙，法治理念的培育、公民意识的构建。将中国法治理论和当下司法实践紧密结合的教学方式深受学生喜爱，多次获得学校教学优秀奖，主持广东省教育厅课题两项，参与完成广东省教育厅课题一项，参编《思想道德修养与法律基础学习指导用书》等四部，在《黑龙江高教研究》、《广西社会科学》、《教育与职业》、《青年探索》、《中国律师》、《中国司法》、《广州大学学报》等科研期刊独立发表论文二十余篇。
"
陈咸瑜,2020年11月16日,"
 　　陈咸瑜，生于1969年6月，副教授，研究生学历，硕士学位。主要研究马克思的哲学观、唯物史观与现时代、西方社会历史观、哲学教育，主讲“马克思主义基本原理”“西方哲学史”“西方哲学经典赏析”等课程。主持省级教研项目两项：广东省高等教育教学质量工程项目（在线开放课程）《西方哲学经典赏析》（2018年）；广东省高等教育教学改革项目《“马克思主义基本原理”课“哲理与诗情融合式”教学改革研究（2019年）；发表论文：《社会主义和谐社会建构的价值支撑与应有境界》《求实》2012年第1期；《人文素质培育语境中的哲学教育》《惠州学院学报》2014年第5期；《感谢思想，塑造理想——打造有品质的思想政治理论课》《我们谈教育》（教师篇）社会科学文献出版社（2020年11月）；2019年被评为全国第7届教育硕士优秀教师（全国教育硕士专业学位教指委）；2019年获广州市“百名优秀学校思想政治理论课教师”（广州市委宣传部、市教育局、市人社局）；2020年获第七届“广州大学教学名师奖”；2012-2019学年，共8次获广州大学本科课堂教学优秀奖一等奖；自2009-2020年，共10次获广州大学“最受学生欢迎教师”荣誉称号。主持广州大学第一批优质课程《马克思主义基本原理》（2014年）；主持广州大学精品核心通识课程《西方哲学经典赏析》（2018）；2018-2019学年，《马克思主义基本原理》被评为学校四星级课程；2019-2020学年，《西方哲学经典赏析》被评为学校四星级课程。社会服务业绩：“广州城市形象”表述词大赛获特等奖；创意作品“千年羊城，南国明珠”成为广州城市形象”表述词；（2009年）。  
"
石若坤,2020年11月16日,"
    
 　　石若坤，中共党员，副教授，硕士生导师。广东省“千百十工程”（第五批）校级培养对象。主要研究方向：德育教育、教育心理。主讲课程：《思想道德修养与法律基础》、《马克思主义政治经济学》、《形势与政策》，《生死学》（慕课）。2014年其主讲的《思想道德修养与法律基础》被评为广州大学优质课程。2008年获广东省高校思想政治理论课青年教师教学基本功比赛三等奖；多次获得广州大学本科课堂教学优秀一等奖；多次被评为“广州大学最受学生欢迎的老师”；2016年获评广州大学优秀教师。主持教育部人文社科研究青年基金项目1项（2013年）；主持广州市哲学社会科学发展规划课题2项（2007、2018年）；主持广州市教育局市属高校科技、社科项目2项（2008、2017年）；参与教育部、省、市级课题多项。在省级以上刊物公开发表学术论文三十余篇。  
    主持的主要项目名称              
    项目来源              
    起止时间              
    道德心理契约：            
      公民道德建设的当代视角      
    教育部人文社科基金项目      
    2013-2016      
    美好生活视域下的新时代公民道德建设研究      
    广东省哲学社会科学“十三五”规划项目      
    2018-2021      
    美好生活实践中的公民道德            
      建设研究      
    广州市社科规划一般项目      
    2018-2020      
    基于学生心理契约的高校思政教师教育亲和力提升研究      
    广州市教育科学规划项目      
    2017-2019      
    取得的主要研究成果              
    成果发表时间              
    排  名              
    互联网+”时代高校思想政治教育的新常态      
    《高教探索》            
      2018年第6期      
    第一作者      
    美好生活、道德契约与公民道德建设的内在维度      
    《福建论坛（人文社会科学版）》                      2017年第12期      
    独著      
    道德契约:道德关系重建的重要取径      
    《东南学术》            
      2015年第1期      
    第一作者      
    小学生陌生人际交往的问题与对策      
    《现代中小学教育》            
      2017年第4期      
    独著      
    论道德心理契约：概念、本质及意义      
    《求索》            
      2012年第11期      
    独著      
    和谐校园呼唤高校“去行政化”基于教师心理契约的思考      
    《湖北社会科学》            
      2011年第5期      
    独著      
    论高校行政化对高校教师心理契约的破坏      
    《广西社会科学》            
      2011年第2期      
    独著      
    基于扎根理论的大学生德育心理契约维度的探讨      
    《广州大学学报（社会科学版）》                      2011年第11期      
    独著      
    构建师生间良好的心理契约      
    《教学与管理》            
      2008年第1期      
    独著      
    决策者的压力及其应对      
    《管理科学》（人大复印资料 全文转载）                       2008年第5期      
    第一作者      
    教师心理契约的失衡与重构      
    《黑龙江高教研究》            
      2007年第10期      
    独著      
    心理契约视野下的和谐劳动关系            
      构建      
    《学术交流》            
      2007年第7期      
    独著      
    心理契约:构建和谐劳动关系的            
      新视角      
    《劳动经济与劳动关系》人大复印资料全文转载                       2007年第9期             
    第一作者      
   
    
 "
梁隽华,2020年11月16日,"
    
                梁隽华，哲学硕士，马克思主义学院副教授，从事马克思主义哲学、中国哲学、文化学教学与研究，主讲本科生公共课《马克思主义原理概论》、专业课《中国哲学史》、《文化概论》 ；主讲研究生专业课《马克思主义文化哲学研究》、《中国哲学史专题研究》、研究生公共课《中国特色社会主义理论与实践》等课程。曾主持教育部人文社科课题一项；在权威期刊《中国哲学史》等刊物发表论文若干；荣获“广州市优秀教师”和“广州大学优秀教师”称号。    　
  
                        主持的主要项目名称
    项目来源
    起止时间
    马克思主义哲学中国化与中国哲学史学科发展的关系研究
    教育部人文、社科规划项目
    2013-2015
    取得的代表性研究成果
    成果发表时间
    排名
    论张岱年对唯物辩证法与中国哲学的互诠及其方法论意义
    《中国哲学史》2014第2期
    独著
    罗汝芳易学思想初探
    《现代哲学》2008年第3期
    独著
  
  
  
"
高燕,2020年11月16日," 
 高燕，中共党员，中山大学哲学系博士研究生毕业，广州大学马克思主义学院讲师，广东省哲学学会和广州市哲学学会会员，中国现象学学会会员。主持省部级项目1项，市厅级项目2项，在《现代哲学》、《求索》、《广西大学学报（社会科学版）》、《中国现象学和哲学评论辑刊》等C刊发表论文和译文10余篇，指导学生挑战杯项目获广东省三等奖。
 在研项目：
 1、2017年主持省级社科规划项目：习近平“人类命运共同体”思想对重构当代主体间性的意义研究
 2、2016年主持广东省教育厅项目：交互主体性视域下的大学生马克思主义信仰教育研究
    代表性文章：
     1、交互主体性的“世界性”基础，2020年2月，广西大学学报（社会科学版），C刊。
 2、阿伦特论人的“世界性”，2017年3月，现代哲学，C刊。
 3、公正与法治，2018年6月，法制与社会。
 4、马克思与康德的公正思想比较研究，2018年7月，比较创新研究。
 5、阿伦特的现象学人学观，2011年10月，求索，C刊。
"
黎家佑,2020年11月16日," 
 黎家佑，中共党员，中山大学博士，广州大学马克思主义学院讲师，美国德克萨斯A&M大学访问学者（2016）。主要承担《马克思主义基本原理》课程的教学，主要从事马克思主义与社会空间问题、社会变迁与城市发展研究的研究。先后主持教育部人文社科规划课题、参与国家社科基金重大项目等多项，在《道德与文明》、《浙江社会科学》等刊物发表文章多篇。
 主持代表性课题
 1.教育部人文社会科学规划项目“网络空间主流意识形态凝聚力和引领力提升研究”
 2. 广东省哲学社会科学‘十三五’规划项目“马克思主义空间正义的实践机制研究——以粤港澳大湾区城市群协同发展为例”（GD18YMK02）。
 近五年代表性论文
 1.《马克思主义视野下空间生产的历史考察》，《浙江社会科学》，2018年第9期。
 2.《空间生产与社会变迁——列斐伏尔对历史唯物主义的空间解读》，《马克思主义理论学科研究》，2015年第12辑。
 3.《群众路线与协商民主的逻辑契合——对推进中国民主政治建设的思考》，《党的文献》， 2016年第2期。
 4.《社会主义核心价值观要义探微》，《道德与文明》，2015年第3期。
"
史英哲,2020年11月16日," 
 史英哲，1990年生，山西临汾市人，2018年毕业于中国社会科学院，获法学博士学位。现为广州大学马克思主义学院讲师，主要从事马克思主义政治哲学、当代意识形态理论研究，主要讲授《马克思主义基本原理》《毛泽东思想和中国特色社会主义理论体系概论》等课程。主持教育部青年基金项目、广州市哲学社会科学规划项目和广州大学科研项目共3项，参与中央马克思主义理论研究和建设工程重大项目、国家社科基金重大项目1项，国家社会科学基金重点项目1项，在《思想教育研究》《自然辩证法通讯》《天津社会科学》等杂志发表论文10余篇。
 一、主要论文
 1.《论意识形态话语的精神实质、运作机制和语言功能》，《河南师范大学学报》2019年第3期，独立。
 2.《金融危机和马克思主义话语“复活”》，《思想教育研究》2017年第7期，独立。
 3.《穿越幻象：齐泽克意识形态批判及其解放态度》，《教学与研究》2018年第11期，第二作者。
 4.《新工业革命和意识形态消失论》，《天津社会科学》2017年第4期，第二作者。
 5.《从欧洲到全球：马克思理论视域的拓展》，《社会科学研究》2016年第1期，第一作者。
 6.《科学与文化样态的关联：福柯对科学权力性的消解》，《自然辩证法通讯》2016年第4期，第一作者。
 二、主要项目
 1.主持2019年度教育部青年基金项目“新时代我国意识形态话语内生性创新研究”（项目编号：19YJC710060）
 2.主持广州市哲学社会科学“十三五”规划2018年度马克思主义理论与实践专项课题“新时代我国意识形态话语创新的内在机理研究”（项目编号：2018GZMZQN21）
 3.参与2015年度中央马克思主义理论研究和建设工程重大项目、国家社科基金重大项目“掌握意识形态工作领导权、话语权、管理权研究”（项目编号：2015MZD048） 
 4.参与2016年度国家社会科学基金重点项目“‘人类命运共同体’思想若干基础理论问题研究”(项目编号：16AKS003)
"
孟凤英,2020年11月16日,"
   
 　　孟凤英，教授，硕士研究生导师，广州市宣传思想战线“十百千”人才培养对象。主要承担《毛泽东思想和中国特色社会主义理论体系概论》、《中国特色社会主义理论与实践研究》等课程教学工作，从事马克思主义中国化的理论成果及协商民主等领域研究工作。先后主持教育部人文社科规划项目、广东省哲社规划项目、广东省教育教学改革项目、广州市哲社规划项目等近20项，出版专著《中国特色社会主义反腐倡廉思想研究》、《中国特色政党制度与政党建设》、《社会主义市场经济理论与实践》等多部，在《马克思主义与现实》、《思想理论教育导刊》、《江汉论坛》等学术刊物发表论文50余篇，获中共广东省委统战部优秀成果一等奖、河南省高校思想政治教育优秀成果一等奖、广州市优秀教学成果二等奖等各种奖励30多项。  
    主持的主要项目名称
    项目来源 
    起止时间        
    马克思主义中国化的逻辑        范式研究
    教育部人文社会科学研究项目
    2012—2015        
    马克思主义中国化的逻辑范式及形态结构研究 
    广东省哲学社会科学规划项目
    2011—2013        
    中国政党协商民主的实现  机制研究        
    广东省哲学社会科学规划项目
    2016—2018        
    思想政治理论课程实践教学体系的构建与完善研究        
    广东省教育教学改革项目
    2014—2016        
    基于SPOC的思政课“翻转课堂”教学有效性与评价体系研究        
    广东省教育教学改革项目
    2018—2020        
    中国特色社会主义理论与实践研究课程教学案例库建设        
    广东省研究生教育创新计划项目
    2016—2018        
    马克思主义中国化的逻辑 范式研究 
    广州市社会科学规划项目
    2011—2013        
    中国特色党际协商民主的保障机制研究 
    广州市社会科学规划项目
    2015—2016        
    取得的主要研究成果  
    成果发表时间  
    排 名   
    中国特色社会主义反腐倡廉思想研究 
    中国时代经济出版社2012年版 
    合著1
    我国多党合作制的发展经验与前景展望
    《马克思主义与现实》2009年第5期
    独著
    论马克思主义中国化的逻辑前提
    《江汉论坛》2012年第6期
    独著
    论马克思主义中国化内生型动力机制的结构要素 
    《江汉论坛 》2013年第5期
    独著
    论马克思主义中国化的逻辑形态及其关系 
    《甘肃社会科学》2012年第5期
    独著
    科学构建高校思想政治理论课的实践教学体系  
    《思想理论教育导刊》2017年第12期
    独著
    构建执政能力建设的长效机制 
    《理论探索》2009年第11期
    独著
    论马克思主义中国化主体的逻辑构成与内在特质  
    《湖北社会科学》2013年第10期
    独著
    论五四运动对青年赴法勤工俭学运动的影响
    《湖北社会科学》2011年第2期
    独著
    我国行政管理体制改革论析
    《湖北社会科学》2008年第11期
    独著
    高校党的先进性建设的价值取向与路径选择 
    《湖北社会科学》2013年第3期 
    独著
    社会主义协商民主的时代价值与制约性因素探析 
    《理论月刊》2013年第7期
    独著
    制约教育督导职能发挥的成因与对策
    《教育评论》2009年第10期
    独著
    论邓小平的民族经济发展观 
    《前沿》2008年第7期
    独著
    论邓小平经济发展观的思维视角
    《黑龙江社会科学》2008年第1期
    独著
    中国特色社会主义理论体系的内在特质
    《南方日报》2016.08.20
    独著
    获奖成果名称 
    颁奖单位时间
    排名
    论统一战线在建设社会主义政治文明中的地位和作用
    中共广东省委宣传部 2003年
    优秀论文三等奖（独立）
    解放思想健全广东协商民主的新探 
    中共广东省委统战部2009年
    优秀调研成果一等奖（独立）
    协商民主视阈下的参政党建设 
    中共广东省委统战部 2014年
    优秀调研成果二等奖（独立）
    高校思想政治理论课程实施学生主体性人格教育的探索与实践 
    广州市教育局2013年
    广州市第九届教学成果二等奖（参与）
    制约教育督导职能发挥的成因与对策 
    广州市人民政府教育督导室2009年
    优秀论文一等奖（独立）
    
  
  
  
 "
吴雪娟,2020年11月16日,"
         吴雪娟，1967年生，广东揭阳人，副教授，硕士。从事系统哲学的应用研究。主持科研项目4项，出版学术专著两部（合著）；发表论文20多篇。长期承担全校理工科硕士生《自然辩证法概论》和本科生《马克思主义基本原理概论》两门课的教学工作，开设全校公选课——《从愚昧到科学------科技简史》和《科学的精神和方法》。曾获广州大学优秀教师，广州大学本科课堂教学优秀奖二等奖等荣誉。  
    主持的项目名称        
    项目来源        
    起止时间        
    粤东城郊社区妇女文化生活方式的现状与政策选择 
    广东省妇联      
    2012年
    自组织视野下公民教育进社区的途径与机制
    广州大学
    2012—2013
    广州市转制社区居民闲暇生活：现状、问题与对策      
    广州市马克思主义理论      普及基地      
    2013-2014  
    代表性研究成果        
    成果发表时间        
    排名
    《精神文明建设系统论》      
    广州出版社1997年版      
    合著 
    《马克思主义哲学的现代思考》 
    广东高等教育出版社2005年版      
    合著
    《精神文明建设系统观》      
    《系统辩证学学报》1999年第1期  
    独著
    《乡村公民教育建设之耗散结构论方略》      
    《系统科学学报》2015年第4期
    第一作者
    
  
    
    
 "
肖松柏,2020年11月16日,"
 肖松柏，中共党员，副教授。1986年毕业于湖南邵阳学院，1994年毕业于陕西师范大学政治经济学院，专业研究方向为中共党史，获法学硕士学位。在广州大学马克思主义学院从事毛泽东思想和中国特色社会主义理论体系概论、政治经济学原理等课程的教学工作。在教学中，与本教研室其他同志齐心协力、聚精会神致力于对毛泽东思想和中国特色社会主义理论的诠释、研究、讲解和传播，全心全意服务于把马克思主义与中国优秀传统文化和改革开放伟大实践相结合的伟大事业，多方式多方法着力培养学生的道德素质和理论思维能力，呕心沥血消除学生对于毛泽东、中国革命和改革开放伟大事业的种种误解，竭尽全力培养学生对中国特色社会主义道路、理论、制度和文化自信，紧紧牢记党和人民的重托，时刻保持政治警觉，坚定不移地站稳政治立场，鞠躬尽瘁坚守高校意识形态三尺讲台，任劳任怨为党的伟大斗争、伟大事业、伟大工程和伟大梦想增砖添瓦。
"
左康华,2020年11月16日,"
 左康华，中共党员，哲学博士，副教授，广州大学马克思主义学院副院长，硕士研究生导师，教学科研骨干，兼任广东省中国特色社会主义理论体系研究中心广州大学基地秘书长，广州市“新时代广州理论专家宣讲团”成员。主要从事马克思主义文化理论、中国传统文化等相关问题的研究与教学。主持国家社科基金项目1项，省部级项目4项。在《光明日报》、《现代哲学》等重要报刊发表文章20余篇。教学方面，获得第五届广东省高校（本科）青年教师教学大赛二等奖（2020年）、广州大学第十届青年教师课堂教学竞赛三等奖（2020年）。
     主持的主要项目名称        
     项目来源        
     起止时间
     德化与德运——西汉礼学思想演技
     国家社科规划办
     2018.10至今
     习近平总书记治国理政思想的时代背景与历史逻辑研究
     广东省社科规划办
     2016—2017
     新时期广东人文精神培育研究——基于“四个自信”的考察
     广东省委宣传部
     2017—2018
     修礼文以行德化——刘向礼学思想研究
     广东省社科规划办
     2017.12至今
     健全人民政协协商规则研究
     广东省社科规划办
     2020.10至今
     取得的主要研究成果        
     成果发表时间        
     排名        
     主体变迁与路径优化：群众路线在新形势下的理性展开
     《江汉论坛》2015年第8期（人大报刊资料2016年第1期全文转载）
     独著
     人事为本  天道为应
     《光明日报》        
        2016年4月18日
     独著
     中国文化的历史反思和当代构建
     《光明日报》        
        2016年7月11日
     独著
     刘向对儒家乐教思想的继承和发展
     《现代哲学》        
        2016年第1期
     独著
     以“五常”调适“三纲”：刘向整合两种价值观念的努力
     《中州学刊》        
        2014年第8期
     独著
     先秦“文”“质”之争与礼学的演进
     《云南社会科学》        
        2015年第1期
     独著
"
杨柳,2020年11月16日,"
      
 　　杨柳，中共党员，博士，讲师，马克思主义中国化教研部主任，教学科研骨干。主要从事政治哲学、党建与基层治理研究，主持国家社科基金项目1项（在研），市厅级项目1项，在《政治学研究》、《哲学动态》等期刊发表论文多篇等。教学方面，获得广州大学第十一届“最受学生欢迎的老师”。     
    
    主持的主要项目名称        
    项目来源        
    起止时间        
    全面从严治党视阈下基层“小官贪腐”治理机制研究        
    国家社科基金一般项目        
    2017—2020        
    《国家治理现代化的中国特色研究》        
    广州大学（厅级项目）        
    2016-2017        
    取得的主要研究成果        
    成果发表时间        
    排  名        
    国家治理现代化的中国特色        
    《政治学研究》2016年第5期        
    第二作者        
    施特劳斯文本细读法的政治哲学意图        
    《哲学动态》2015年第5期        
    独著        
    《历史主义及其局限——基于施特劳斯的批判》        
    《政治思想史》2014年第2期（人大复印资料《政治学文摘》2014年第4期转载）        
    独著        
    其他成果        
    发表时间        
    排名        
    《帝国的铸就》        
    浙江人民出版社2010年        
    合译        （第二译者）         
    获得奖励        
    授予单位时间        
    奖励级别        
    2018-2019年度广州大学第十一届“最受学生欢迎的老师”        
    广州大学2019年8月        
    校级        
"
詹明鹏,2020年11月16日," 
 詹明鹏，中共党员，副教授，法学博士，思想政治教育系党支部书记。系广东省理论学学会理事，主持广东省教育科学“十三五”规划党建工作研究重点项目“高校教师党支部‘双带头人’队伍建设研究”、广东省高校特色创新项目“改革开放以来我国高校思政课教师与辅导员协同育人的实践研究”、广州市社会科学“十三五”规划项目“社会主义核心价值观引领大众文化发展的长效机制研究”等，先后在《思想理论教育》、《青海社会科学》等刊物以及光明网理论版发表论文十五篇。
"
唐卫红,2020年11月16日," 
     唐卫红，硕士，副教授，主讲高校《思想道德修养与法律基础》、《形势与政策》等课程20余年，参与《生死学》（慕课）教学工作，曾获得“最受学生欢迎教师”、“教学质量优秀奖”等荣誉和奖项；主要研究方向是“道德教育”和“生命教育”；作为主要参研人员，参研部级重点课题、省市级课题多项，参著5部，公开发表科研文章多篇，部分成果被《人大复印资料》转载。
     职业生涯中坚信“有爱的地方就不会有荒草”，用爱做平凡事，培育心中的芳草园。
"
帅江涛,2020年11月16日," 
 　　帅江涛，1985年江西大学经济系毕业后就职于南昌职业技术师范学院（现江西科技师范学院）马列部，专职教师，1994年调广州教育学院（后并入广州大学）。现为马克思主义学院专职教师。从教以来，先后主讲《政治经济学》、《中国社会主义建设》、《马克思主义基本原理》《资本论解读》《货币银行学》、《财政与税务原理》《社会主义市场经济学》、《商品学》、《管理学概论》，现在主讲《毛泽东思想和中国特色社会主义理论体系概论》
"
王晓萍,2020年11月16日,"
     
 　　王晓萍，副教授，哲学博士，兼任中国逻辑学会理事和广东省逻辑学会理事。目前主讲本科生课程有“马克思主义基本原理”“逻辑学”“应用写作”“日常推理的逻辑分析”“批创思维导论（慕课）”；主讲研究生课程有“马克思主义认识论和认知科学”和“逻辑学”。主讲课程“逻辑学”获得广州大学优质课程立项；主持广州大学教学改革项目2项，获得广州大学教学优秀奖2次和广州大学第六届青年教师课堂教学竞赛三等奖。科研方面，主要从事逻辑哲学、语言哲学和马克思主义认识论方向的理论研究，先后主持教育部人文社科项目1项、广东省社科规划项目1项、广州市社科规划项目2项。在《哲学动态》《自然辩证法研究》《学术研究》《江汉论坛》《广东社会科学》等刊物发表学术研究论文近20篇。   
    主持的主要项目名称      
    项目来源      
    起止时间      
    说谎的定义和道德评价研究
    广州市哲学社科“十三五”规划项目
    2018-2020      
    基于说话者意图的言语行为扩展研究 
    教育部人文社科青年项目
    2011-2014      
    基于说话者意图的言语行为扩展研究      
    广州市哲学社会科学“十二五”规划项目      
    2011-2012      
    自然语言交流中说话者意图传达和理解的模式研究      
    广东省哲学社会科学“十一五”规划项目      
    2009-2011      
    取得的代表性研究成果      
    成果发表时间      
    排  名      
    隐喻产生和理解的机制      
    《广东社会科学》2016第3期      
    独著      
    论反语本质
    《广州大学学报》(社会科学版)2016年第7期      
    独著      
    基于说话者意图的成功言语行为研究
    《哲学动态》2012年第6期       
    独著      
    从说话者意图角度看交流双方的理性活动
    《广州大学学报》(社会科学版),2011年第10期      
    独著      
    言语行为中说话者意图交流的条件和框架
    《哲学动态》2010第7期             
    独著      
    关于说话者意图的哲学分析 
    《江汉论坛》2010第3期  
    独著      
    间接言语行为分析
    《广州大学学报》(社会科学版)2009年第6期      
    独著      
    说话者的意图和言语行为       
    《哲学动态》2005年第10期      
    独著      
    说话者的意图  
    《自然辩证法研究》2004年第3期
    独著      
    演绎论证及其形式表达的有效性
    《西南民族大学学报》(人文社科版),2004年第7期      
    独著      
    当代语言哲学中句子意义论的发展 
    《学术研究》1998年第6期       
    独著      
 "
李戎,2020年11月16日," 
 李戎，中共党员，马克思主义学院讲师，1990年华南师范大学政治教育专业本科毕业后，在广州大学任学生工作辅导员。1996年澳洲新南威尔士商学院硕士毕业后在广州大学社会科学部任教。此后一直在广州大学马克思主义学院任教至今。教学特点是：尊重学生学习过程中的主体地位，强调学生集体自主学习，善于根据教学现场的状况，采取灵活多样的方法，推动学生进行思考和讨论，力争让学生每节课都有较强的获得感。
"
胡敏,2020年11月16日,"
 　　胡敏，广州大学马克思主义学院马克思主义基本原理教研室副教授。长期从事马克思主义理论教学研究，主讲课程包括：马克思主义基本原理概论、西方哲学史、现代西方哲学、伦理学、美学、美育。
"
邵小文,2020年11月16日,"
         邵小文，中共党员，哲学博士，副教授，硕士生导师，广州大学马克思主义学院专任教师。兼任广东社会主义社会辩证法研究会理事，广州市哲学学会副秘书长。2015年入选“第四届广州市宣传思想文化战线优秀人才培养对象”，2016年入选广州市青年文化英才。科研方面主要聚焦于中国马克思主义解释史、文化安全与意识形态问题、价值认同与知识分子问题等方向的研究。主持国家及省部级以上项目3项，其他各级各类课题十余项，在核心期刊发表论文20余篇。教学方面主要承担马克思主义基本原理概论、毛泽东思想和中国特色社会主义理论体系概论等公共课的教学任务，同时承担思想政治教育专业的本科生、马克思主义哲学和马克思主义理论专业的研究生的教学工作，先后获得广东省高校思想政治理论课青年教师教学基本功比赛三等奖、“广州大学最受学生欢迎的老师”、广州大学本科课堂教学优秀奖二等奖等教学荣誉。    
    主持的主要项目名称 
    项目来源 
    起止时间 
    新媒体时代知识分子的价值观表达及其影响 
    国家社科基金青年项目
    2015－2019
    我国知识分子价值观的分化与凝聚：基于意识形态安全的考察
    教育部人文社会科学基金青年项目
    2012－2015
    知识分子价值观认同与国家意识形态安全研究
    广东省哲学社会科学“十二五”规划项目  
    2011－2013
    当前知识分子价值观认同的群体差异及引导策略研究
    广东省高校优秀青年创新人才培养计划项目 
    2011－2013
    马克思主义大众化视域中高校政治课的改革策略研究
    广州市教育科学规划课题“十二五”规划课题
    2013－2015
    取得的代表性研究成果
    成果发表时间
    排名        
    从现代转型看毛泽东在知识分子问题上的探索
    《现代哲学》2015年7月
    独著 
    “新左派”知识分子关于民生问题的思考及其启示 
    《现代哲学》2012年9月 
    第一作者
    走入历史的“劳动者”正在走向未来
    《中国社会科学报》2016年5月26日
    独著
    加强高中生价值观教育的对策探析
    《教育评论》2017年1月
    第一作者
    水文化在广州地方性构建中的意义 
    《城市发展研究》2019年4月
    通讯作者
    习近平对维护国家文化安全的战略思考 
    《党的文献》2019年2月
    第二作者
   
   
  
 "
谭苑芳,2020年11月16日,"
 谭苑芳，博士，教授，研究生导师。主要从事宗教学、社会学、文化学、城市民族关系等方面的理论研究与应用对策研究，兼任广东省体制改革研究会常务理事、广州市宗教文化交流协会理事、番禺区政协常委，广州市政府重大行政决策论证专家。主持国家社科基金项目、教育部人文社科规划项目、其他省市重大、一般社科规划项目10余项，独立出版学术专著1部，在《中国社会科学内部文稿》《光明日报》等发表学术论文30多篇。近年来致力于将学术理论成果应用于政策决策之中，撰写20余篇研究报告获得多位广东省、广州市主要领导的批示和部门采纳，获得广东省哲学社科优秀成果奖二等奖及“全国优秀皮书报告成果奖”一等奖等多个奖项。
     主持的主要项目名称
     项目来源
     起止时间
     基于东南沿海地区宗教新态势的国家文化安全研究
     国家社科规划办
     2016至今
     取得的主要研究成果
     成果发表时间
     排名
     中国特色哲学社会科学的构建路径
     《光明日报》
        2016年10月19日
     独著
     用“三个倡导”筑牢“三个自信”
     《光明日报》
        2013年2月2日
     独著
     马克思主义宗教观的当代效应研究——基于国家文化安全的视角
     《广东社会科学》
        2020年第3期
     独著
     成果奖项名称
     授予单位时间
     奖励级别及类型
     关于利用主办《财富》全球论坛契机提升广州城市国际化水平的建议
     2017年
        广东省人民政府
     广东省第八届哲学社会科学优秀成果奖二等奖
"
吴阳松,2020年11月16日," 
 吴阳松，1983年7月生，安徽宿松人，中共党员， 2012年6月获兰州大学法学博士（马克思主义中国化研究专业）学位。现任广州大学马克思主义学院副院长，副教授、硕士生导师，兼任广东省中国特色社会主义理论体系研究中心广州大学基地副主任，特约研究员。主要从事马克思晚年思想，科学社会主义历史、理论与实践，政党与现代化等相关问题的教学与研究。先后主持国家社科基金项目3项，省级项目3项；在各类学术期刊、报刊发表文章40余篇，其中CSSCI计23篇，《中国社会科学文摘》、人大复印报刊资料等转载5篇；出版专著1部、合著1部；先后获广州市“青年文化英才”，广东省高等教育教学成果奖2等奖（团体）等。 
     近5年主持课题 
 1、国家社科基金重大项目子项目：我国制度体系的制度优势、形成依据及其制度竞争力的关系研究（20ZDA007），起止时间202004 —
 2、国家社科基金一般项目：新媒体时代党的执政话语体系建设研究（19BDJ046），起止时间201906— 
 3、国家社科基金青年项目：新媒体视阈下党的执政形象提升路径研究（15CDJ015），起止时间201506—201812（结项，良好） 
 4、省社科基金项目：新时期中国共产党执政风险问题研究（2013021），起止时间201304—201506（结项，优秀） 
 5、省社科基金项目：新媒体时代党的执政形象建设研究（GD14YDS01），起止时间201411—201712（结项，良好） 
 6、省教改项目：新媒体时代思想政治理论课混合式教学互动模式研究（粤教高函〔2016〕236号），起止时间201701—201912（结项，通过） 
 7、市社科基金项目：新媒体时代党员领导干部媒介素养研究（15G91）起止时间201506—201806（结项，合格） 
 8、市“羊城学者”青年资助项目：新媒体时代政党形象的生成、传播与提升研究（穗教科〔2015〕136号），起止时间201509—201809（结项，通过） 
 9、市教育科学规划课题：新媒体时代高校思想政治理论课教学实效性提升研究（1201553984），起止时间201709—202009 
  近5年主要成果（均为独立或第一作者） 
 1、《网络时代中国共产党的形象建构》，载《中州学刊》2020年第7期 
 2、《新媒体时代领导干部媒介素养的时代内涵与提升路径》，载《理论探讨》2020年第3期 
 3、《高校思想政治理论课教学要有意思更要有意义》，载《思想政治教育研究》2019年第12期 
 4、《七十年来中国共产党治国理政经验的新审视》，载《中国高校社会科学》2019年第5期 
 5、《新中国成立初期党对纪律建设的探索》，载《光明日报》（理论版）2019年8月21日 
 6、《马克思论“农村公社”的谱系逻辑与价值意蕴》，载《学术研究》2018年第3期 
 7、《新媒体环境下政党形象建构的适应性分析》，载《理论探讨》2018年第3期，人大复印资料《中国共产党》2019年第1期刊全文转载 
 8、《习近平对科学社会主义的时代遵循与发展》，载《当代世界与社会主义》2017年第3期 
 9、《十八大以来习近平治国理政思想的科学体系》，载《安徽师范大学学报》2017年第2期 
 10、《新媒体时代政党形象建构的内涵、目标与路径探析》，载《理论探讨》2017年第2期，《中国社会科学文摘》2017年第7期全文转摘 
 11、《论马克思恩格斯社会主义观的实践逻辑》，载《当代世界与社会主义》2016年第3期 
 12、《新媒体时代中国共产党执政形象建构的逻辑与路径》，载《探索》2015年第3期 
 13、《论党内民主与改革开放的互动逻辑》，载《理论探讨》2015年第1期 
 14、《新媒体视阈下当代青年社会主义核心价值观培育问题探论》，载《理论导刊》2015年第5期 
  
"
莫炳坤,2020年11月16日,"   
      
 　　莫炳坤，中共党员，博士，毕业于武汉大学，兼任广东省习近平新时代中国特色社会主义思想研究中心广州大学基地研究员，主要担任“思想道德修养与法律基础”及“形势与政策”等课程的教学。主要从事中国共产党共同富裕理论研究，主持各类研究项目3项，先后在《思想理论教育导刊》、《湖北社会科学》、《探索》等刊物上发表论文10余篇，     
    主持的主要项目名称              
    项目来源              
    起止时间              
    习近平新时代中国特色社会主义共同富裕思想研究              
    广州大学人才引进项目              
    　 2018-2021              
    高校基层党组织组织生活创新研究              
    广东省教育科学党建研究项目              
    　2019-2020              
    “中国少数民族文化开放与文化安全”整理与研究              
    湖北省高校人文社会科学重点研究基地“民族政策与社会发展研究中心”项目              
    　2019-2019              
    取得的主要研究成果              
    成果发表时间              
    排  名
    十八大以来党对共同富裕的新探索及十九大的新要求              
    探索2017.12
    第一
    新时代社会平衡的辩证认识与实现机制              
    广西师范大学学报（哲学社会科学版），2019.11
    独撰 
    中国少数民族与大一统思想认同 
    湖北社会科学2017.05
    第一
    抗战时期中国共产党民族政策探析     
    思想理论教育导刊2016.03
    第一 
    长征时期中国共产党民族工作的历史经验              
    西北民族大学学报（哲学社会科学版），2017.11
    第一 
       
       
  
  
 "
蒋义丹,2020年11月16日,"
      
 　　蒋义丹，副教授，法学硕士，广东教育学会学生健康促进专业委员会常务理事，广东省少工委委员，广东演讲学会理事，广州大学党校兼职教师。主要承担《思想道德修养与法律基础》等课程的教学，先后在《思想理论教育导刊》《教育发展研究》《青年研究》《当代青年研究》等刊物上发表论文三十多篇，参与数项课题研究及教材编写等。      
 　　先后获全国优秀论文评比一等奖、广东省优秀论文评比一等奖等论文奖项。先后获广东省十大“最具口碑好老师”提名奖、广州市优秀教师、广州大学“最受学生欢迎的老师”、广州大学军训优秀工作者、广州大学优秀班主任等荣誉称号；先后获广东省师德征文比赛三等奖、广东省高校教师演讲比赛三等奖、广州市第二届成功教育案例评比特等奖、广州大学教师演讲比赛一等奖、广州大学师德征文一等奖（三次）、广州大学学生工作案例征文一等奖，学校教师风采大赛一等奖和最佳口才奖、广州大学首届青年教师课堂教学竞赛二等奖等竞赛奖项。多次指导学生参加“南粤长城杯演讲比赛”及广东省大学生演讲比赛，取得5个一等奖、2个二等奖、1个三等奖等好成绩，连续三次被评为“优秀指导老师”。      
    主持的主要项目名称
    项目来源
    起止时间
    广州地区高校“青马工程”实施状况及对策研究
    广州共青团课题调研“重点立项课题”
    2018-2019 
    取得的主要研究成果 
    成果发表时间 
    排  名
    “两课”教师素质在入世后面临的挑战及对策 
    《思想理论教育导刊》2003年第5期 
    独著
    加入WTO对高校德育工作的影响及对策 
    《教育发展研究》2002年第9期
    独著
    创业教育——高校面临的新任务 
    《教育发展研究》2003年第2期
    独著
    网络时代应加强大学生的理想信念教育
    《教育发展研究》2005年第9期     
    独著 
    未成年人群体与成年人群体道德状况比较 
    《当代青年研究》2006年第9期  
    独著
    广州地区千名大学生自我意识的调查分析
    《青年研究》1996年第9期 / 人大复印报刊资料《高等教育》1996年第12期
    独著
    未成年人群体道德成长的矛盾分析
    《青年探索》2008年第3期
    独著
    跃然纸上谈节约 纸短情长见责任——广州地区大学生节约用纸状况的调查分析及对策研究                    
    《兰州教育学院学报》2014年第8期
    独著
    90后大学生的就业心态分析及调适
    《高教学刊》2015年第9期
    独著
    成果奖项名称
    授予单位时间
    奖项级别及类型
    加强对大学生的艰苦奋斗精神教育  
    2003年广东省高等学校思想政治教育研究会 
    广东省高校思想政治研究会优秀论文评比一等奖（独著）
    三许誓言，一生追梦
    2014年 广东省教育厅 
    广东省“立德树人 立教圆梦”主题活动征文比赛三等奖（独著）
    坚定理想向您看， 放飞青春中国梦！ 
    2019年 教育部高校辅导员培训和研究基地广东省高等学校思想政治教育研究会
    广东省高校思想政治工作实践优秀案例评选优秀奖（第一）
           
  
 "
周美玲,2020年11月16日,"
 　　周美玲，副教授，主要从事道德教育研究。长期主讲高校“思想道德修养与法律基础”、“形势与政策”等课程。参编“大学生心理卫生”、“大学生思想道德修养”、“传统道德与现代精神文明”、“高校思想政治理论课学习指导”等教材及论著；参与教育部、省厅级、市级科研项目5项；曾荣获广州市优秀德育工作者称号、广州大学优秀教师、广州大学第三届教学成果奖二等奖及广州大学教学优秀奖，连续两届被评为“广州大学最受学生欢迎的老师”。
"
刘智标,2020年11月16日," 
 刘智标，讲师。广州大学法学学士，中山大学管理学硕士，中国社科院经济法研究生结业，拥有律师、拍卖师资格。系广州市经济管理学会常务理事、秘书长，广州市律师协会招投标与拍卖专业委员会委员。主要从事法律风险防控、法律教育、德育、行政管理与行政法治等研究，先后在《人民论坛》、《黑龙江高教研究》、《特区经济》等核心期刊发表论文三篇，其他期刊发表论文十三篇，出版专著《法律顾问与企业法律风险管理实务研究》一部，主持《粤港澳大湾区城市人文价值链融合与大众认同机制研究》等市级、校级课题两项，参与省级课题多项，参编教材、教学辅导书多部。授课风格生动有趣，深入浅出，注重实际，信息量大，尤其注重将律师执业实践中的案例引入课堂，深受学生好评，曾获得“广州大学第六届青年教师课堂教学竞赛二等奖”，“”2017-2018学年广州大学教学优秀奖一等奖”，曾被评为学校优秀教师、优秀班主任。
     主持的主要项目名称
     项目来源
     起止时间
     粤港澳大湾区城市人文价值链融合与大众认同机制研究
     广州市社科规划十三五规划项目
     2017—2019
     广州新型城市化发展战略下的公民教育研究
     广州大学专项课题
     2012—2013
     取得的主要研究成果
     成果发表时间
     排  名
     《法律顾问与企业法律风险管理实务研究》
     中国海洋大学出版社2019年4月出版
     独著
     《粤港澳大湾区城市发展、制度壁垒与人文价值链认同机制的构建》
     《当代经济》         
        2018年9月
     第一作者
     《试论企业治理中的合规管理体系构建》
     《法制与社会》        
        2018年2月
     独著
     《探究平衡法对当代中国法学理论的启示》
     《法制与经济》        
        2017年9月
     独著
     《试论大学生历史责任意识的培养》
     《黑龙江高教研究》2015年3月
     第一作者
     《广州国家中心城市建设战略下的公民教育调查》
     《赤峰学院学报》        
        2018年5月
     第一作者
     《行政部门查处高档违法建筑的职责探析——由广州强拆二沙岛违建别墅事件引发的思考》
     《人民论坛》        
        2011年12月
     独著
     《广州亚运会对广州休闲经济的影响》
     《特区经济》        
        2011年9月
     独著
     《试论转型期的道德风险及治理》
     《湖北科技学院学报》2014年12月
     独著
     《基于当前道德风险的学校德育探析》
     《长春教育学院学报》2013年5月
     独著
"
黎庶乐,2020年11月16日,"
         　
  黎庶乐，广州大学马克思主义学院教授，博士生导师，广州市高层次人才。兼任中国辩证唯物主义研究会价值论研究专业委员会第四届理事会理事，广东省习近平新时代中国特色社会主义思想研究中心广州大学基地特聘研究员，广州市哲学学会秘书长。主持国家项目2项，省级项目2项，厅市局级项目多项，出版学术专著1部，发表论文30余篇，部分成果被《中国社会科学文摘》全文转载，《新华文摘》论点摘编。2016年获广州大学“学术新锐”称号，2017年获广州大学“青年拔尖人才”岗位，2018年获第四届广东省青年教师教学竞赛三等奖，2019年获广东省第八届哲学社会科学优秀成果二等奖，2020年获广州大学“广州学者”特聘岗位。 
     主持项目名称
     项目来源
     起止时间
     马克思主义社会空间理论的范畴与逻辑研究
     国家社科基金一般项目
     2020-2024
     重建西方马克思主义——詹姆逊美国马克思主义文化批判理论与当代批判实践研究
      国家社科基金后期资助项目
     2014—2017
     基于历史唯物主义的后现代空间生产批判理论研究
     广东省社科规划项目
     2014—2016
     马克思人类解放理论及其当代价值研究
     广东省社科规划项目
     2019—2021
     作为意识形态载体的高校校园文化建设研究
     广东省教育厅思想政治项目
     2012-2013
     当代大学生意识形态教育研究
     广州市教育局教育科学项目
     2014—2016
     文化自信视角下的高校社会主义核心价值观模式创新研究
     广州市社科规划项目
     2016—2018
     唯物史观与当代空间问题研究
     广州大学青年拔尖人才资助项目
     2017—2020
     取得的代表性研究成果
     成果发表
     排名
     《西方马克思主义在美国》
     中国社会科学出版社2019年版
     独著
     詹姆逊的后现代超空间理论及其意义
     《哲学研究》2016年第2期
     独著
     唯物史观空间话语的当代转换      
     《世界哲学》2019年第4期
     独著
     唯物史观与当代空间问题
     《光明日报》理论版2016.11.30
     独著
     生态文明建设与构建人类命运共同体
     《光明日报》理论版2018．06.04
     独著
     鲍德里亚对资本主义理性空间的解构  
     《马克思主义哲学研究》2016年第1期
     独著
     安德森与汤普森之争：英国文化马克思主义的走向问题
     《哲学评论》2019年第23辑
     独著
     伊格尔顿与詹姆逊：英美文化理论的当代对话
     《马克思主义哲学研究》2017年第2期
     独著
     历史唯物主义视域中的人类命运共同体
     《马克思主义哲学研究》2019年第5期 
     第一作者
     詹姆逊的后现代文化批判理论研究      
     《学术研究》2013年第7期
     独著
     后现代主义思潮影响下大学生社会主义核心价值观的培育         
     《学术交流》2013年第5期
     独著
     后现代视阈下的现代性批判——鲍德里亚与詹姆逊的比较研究
     《理论月刊》2013 年第2期
     独著
     大学生社会主义核心价值观培育问题的哲学思考
     《中共福建省委党校学报》2013年第6期
     独著
     成果奖项名称
     授予单位时间
     奖励级别及类型
     詹姆逊的后现代超空间理论及其意义
     2019年广东省人民政府
     广东省第八届哲学社会科学优秀成果二等奖（独立获奖）
   
    
 "
赵蕾,2020年11月16日," 
 赵蕾，1967年11月生，中共党员，副教授，1994年6月华中师范大学硕士研究生毕业，主要承担《毛泽东思想和中国特色社会主义概论》课程的教学。
     取得的主要研究成果
     成果发表时间
     排名
     网络政治参与泛娱乐化的倾向及引导规范
     《当代教育理论与实践》        
        2013年第11期
     第一作者
     整合利益阶层分化的政策选择
     《湖北社会科学》        
        2007年第4期
     独著
     试论江泽民同志关于教育战略地位的理论
     《毛泽东思想研究》        
        2004年第3期
     独著
"
温远鹤,2020年11月16日," 
 温远鹤，哲学硕士，讲师。长期担任《思想道德修养与法律基础》课的教学及相关研究工作。擅长案例教学，努力寻求理论与实践的结合逻辑，力求课堂贴近生活；积极探索和推进师生共享课堂的模式，尽力提升学生对课程的参与感与意义感，从而激发学生的学习兴趣和热情。
"
张丽璇,2020年11月16日," 
 张丽璇，副教授，从事中共党史党建研究，先后参与国家、教育部、省级和市级课题多项、编写著作教材数本，在省级以上刊物公开发表学术论文20余篇，兼任广东省客属联谊会常务理事。主讲《中国近现代史纲要》、《形势与政策》等课程，系广东省精品资源共享课程和慕课《中国近现代史纲要》主讲人，获得广州大学教学成果一等奖，广州大学本科课堂教学优秀二等奖、1999年新加坡管理学院颁发的教学优秀奖、广州大学学生就业特别奖、连续8次被评为“广州大学最受学生欢迎的老师”、多次指导学生参加“大学生辩论赛和演讲比赛”取得佳绩，并获“优秀指导老师”称号。
"
叶丽萍,2020年11月16日,"
 叶丽萍，历史学博士，毕业于厦门大学，新加坡南洋理工大学华裔馆访问学者（2018），现为广州大学马克思主义学院讲师。主要承担中国近现代史纲要（本科生）、马克思主义中国化进程与青年学生使命担当（本科生）、中国特色社会主义理论与实践（研究生）等课程。曾荣获2021年度广东省高校思想政治理论课青年教师教学基本功比赛三等奖。主要研究方向为中共党史、近现代中外关系史，东南亚史，华侨华人问题。曾被外派至印尼《印华日报》社实习，曾赴印尼、香港等地进行田野调查。先后主持、参与课题多项，在《当代世界与社会主义》《华侨华人历史研究》《中国社会科学报》《侨务工作研究》《海外华人研究》等刊物发表多篇文章。
     代 表 性 课 题
     1
     主持广东省社科规划2020年度特别委托项目党史研究“港澳在广东‘先走一步’中的影响与作用研究”（GD20TW05-08），在研，2021年3月-2022年9月。
     2
     主持广州大学2021年人才培育项目“香港归侨在香港繁荣稳定中的作用研究”（RP2021029），在研，2021年4月-2023年8月。
     3
     主持厦门大学研究生田野调查基金项目“印尼客家社会变迁与中国客家侨乡”  （2017GF028），已结项。
     代 表 性 文 章
     1
     《契机与挑战：当代中国与印尼新型互动关系的构建——以21世纪海上丝绸之路建设为背景》，《当代世界与社会主义》，2017年第3期。
     2
     《再华化与印尼华人的身份重构：以印尼客家人为中心的考察》，《华侨华人历史研究》，2019年第4期。
     3
     《应对全面建设社会主义现代化国家之外部挑战》，《中国社会科学报》，2021年11月23日，第5版。
     4
     《英语学界的侨批研究开山之作：评班国瑞、刘宏著<亲爱的中国：1820-1980 年的侨批研究>》，《海外华人研究》，2020年第4辑。
     5
     《从回归到再迁移：香港印尼归侨流动的原因探析》，《印尼焦点》，2017年，总第54期。（印尼《国际日报》全文转载）
     6
     《中国共产党早期与海外华侨的关系》，《侨务工作研究》，2021年第2期，总第217期。（中共中央统战部“庆祝建党100周年”专栏约稿系列文章）
     7
     《新中国成立后的华侨政策与爱国华侨的回归》，《侨务工作研究》，2021年第3期，总第218期。（中共中央统战部“庆祝建党100周年”专栏约稿系列文章）
     8
     《抗日战争时期中国共产党与海外华侨的互动》，《侨务工作研究》，2021年第4期，总第219期。（中共中央统战部“庆祝建党100周年”专栏约稿系列文章）
     9
     《华侨华人在改革开放中的角色与作用》，《侨务工作研究》，2021年第5期，总第220期。（中共中央统战部“庆祝建党100周年”专栏约稿系列文章）
     10
     《新时代中国共产党国际形象的构建及其与华侨华人的关系》，《侨务工作研究》，2021年第6期，总第221期。（中共中央统战部“庆祝建党100周年”专栏约稿系列文章）
  
"
赵中源,2020年11月16日,"
 赵中源，教授，博士生导师。国家“万人计划”哲学社会科学领军人才，中宣部文化名家暨“四个一批”理论领军人才，广东省社科联主席团成员，广州大学党委委员、马克思主义学院院长，马克思主义理论一级学科（省一级优势重点学科）带头人，广东省中国特色社会主义理论体系研究中心与广东省习近平新时代中国特色社会主义思想研究中心广州大学基地主任。系国家社科基金重大项目首席专家、国家社科基金项目评审与成果鉴定专家,中国马克思主义研究会理事、中国科学社会主义学会理事，广东省科学社会主义学会与政治学会副会长。先后主持国家及省部级以上项目20项（含国家社科基金重大项目1项、省部级重大项目4项），出版学术专著4部、合著5部，发表论文90余篇，其中60余篇先后被人大复印资料、新华文摘、《光明日报》理论版等复印、摘登、索引。成果先后获教育部高校人文社科优秀成果二等奖1项，省哲学社会科学优秀成果一等奖2项，二等奖1项；省“五个一工程”作品奖1项；省教育教学优秀成果（高等教育）一、二等奖各1项等。
     主持的主要项目名称
     项目来源
     起止时间
     从严管党治党，提高党治国理政能力和水平研究
     国家社科基金重大项目
     2017—2019
     以党内民主带动人民民主的实践机制研究
     国家社科基金一般项目
     2010—2013
     国家治理能力现代化视阈下的制度治党能力建设研究
     中宣部“马工程”重大项目子课题
     2017—2019
     民生视野下的党的执政资源开发研究
     教育部人文社科基金一般项目
     2009—2012
     新形势下群众路线的理论诠释与实践机制研究
     广东省委宣传部重大招标项目
     2014—2016
     如何认识科学社会主义的科学性
     广东省委宣传部重大委托项目
     2016—2016
     “农家书屋”建设现状与利用状况调查
     广东省委宣传部重大委托项目
     2015—2016
     人民民主视野下的公民有序政治参与制度化研究——基于广东基层民主建设的考察
     广东省委宣传部重大专题项目
     2013—2014
     取得的代表性研究成果
     成果发表时间
     排  名
     《民生与执政资源开发研究》
     人民出版社2014年版
     独著
     《论党内民主与人民民主》
     人民出版社2016年版
     独著
     《群众路线新论》
     人民出版社2019年版
     独著
     《中国共产党执政资源论》
     湖南人民出版社2007年版
     独著
     新时代中国特色政治学科话语体系建构的要义与理路
     《政治学研究》2020年第3期
     第一作者
     新时代社会主要矛盾的本质属性与形态特征
     《政治学研究》2018年第2期
     独著
     国家治理现代化的中国特色
     《政治学研究》2016年第5期
     第一作者
     增强国家治理体系改革的战略定力
     《政治学研究》2014年第2期
     独著
     围绕民生开发执政资源的逻辑与路径
     《马克思主义与现实》2013年第2期
     独著
     “弱势”心理蔓延:社会管理创新需要面对的新课题
     《马克思主义与现实》2011年第5期
     独著
     论第一代中央领导集体执政资源建设的实践及其启示
     《马克思主义与现实》2007年第5期
     独著
     人民民主的时代诠释及其基本边界
     《当代世界与社会主义》2014年第6期
     独著
     中国共产党认识和保障公民文化权利的探索与启示
     《当代世界与社会主义》2013 年第1期
     独著
     论党的执政资源体系及其优化
     《当代世界与社会主义》2006年第5期
     独著
     回顾与反思:理论界关于民生若干问题的研究
     《当代世界与社会主义》2010年第4期
     独著
     问题与探索:党的执政资源问题研究综述
     《当代世界与社会主义》2009年第5期
     独著
     开辟科学社会主义发展新境界——以习近平同志为核心的党中央推进马克思主义中国化的重大贡献
     《人民日报》（人民要论）2017年2月7日，4500字
     独著
     新时代不断夺取伟大斗争新胜利
     《人民日报》理论版头条2018年6月9日，4500字
     独著
     常思权力自何来
     《人民日报》理论版2004年3月1日
     独著
     哲学是时代精神的精华——以习近平同志为核心的党中央治国理政思想的哲学基础
     《光明日报》理论版头条2016年6月9日，3000字
     独著
     推进制度建设的科学指引
     《光明日报》理论版头条2019年11月20日，4800字
     独著
     推进志愿服务事业发展的动力之源
     《光明日报》理论版头条2021年1月21日，4500字
     独著
     我国社会主义民主政治建设的历史启示
     《光明日报》理论版2010年1月12日
     独著
     群众利益无小事
     《光明日报》理论版2003年12月10日
     独著
     以大国担当推动共建美好世界
     《经济日报》理论版2019年5月28日
     独著
     经济特区：由经济发展转轨到治理转型的助推器
     《学术研究》2020年第11期
     第一作者
     党内政治新生态:新时代全面从严治党的生态逻辑
     《学术研究》2018年第10期
     第一作者
     更多获得感的末端梗阻与突破——基于珠三角新农村建设示范村的调查
     《学术研究》2019年第10期
     独著
     “群众”的时代审视与整合凝聚
     《学术研究》2015年第10期
     独著
     中国特色社会主义“基本要求”的形成依据及内在逻辑
     《学术研究》2014年第12期
     独著
     在把握统一性与尊重多样性质追求目标同一性
     《中国高等教育》2019年第11期
     第一作者
     “五位一体”总体布局的世界意义
     《中国高等教育》2018年第10期
     独著
     高校思想政治理论课教师的角色定位
     《中国高等教育》2016年第8期
     独著
     以培育受欢迎教师团队提升思想政治理论课教学效果
     《中国高等教育》2017年第6期
     独著
     高校网络舆情发展趋势及其治理
     《中国高等教育》2011年第8期
     第一作者
     基层民主实践中公民政治参与的现状与出路——以广东珠三角地区为例
     《江汉论坛》2016年第11期
     独著
     以党内民主带动人民民主的研究现状及其深化路径
     《江汉论坛》2015年第4期
     第一作者
     高校思想政治理论课必须正视“迎合式”教学的误区
     《思想教育研究》2014年第3期
     第一作者
     更加自觉地走科学发展道路——简论科学发展观形成的科学依据
     《高校理论战线》2009年第5期
     独著
     始终坚持全心全意为人民服务
     《高校理论战线》2004年第5期
     独著
     论党的执政资源体系构成及其要素变迁
     《学术论坛》2006年第8期
     第一作者
     论党的执政资源的特点及其体系架构
     《湖南社会科学》2006年第2期
     独著
     成果奖项名称
     授予单位时间
     奖励级别及类型
     《民生与执政资源开发研究》（著作）
     2019年国家教育部
     教育部第八届高校人文社科优秀成果二等奖（独立获奖）
     开辟科学社会主义发展新境界——以习近平同志为核心的党中央推进马克思主义中国化的重大贡献
     2017年广东省人民政府
     广东省第七届哲学社会科学优秀成果一等奖（独立获奖）
     新时代社会主要矛盾的本质属性与形态特征
     2019年广东省人民政府
     广东省第八届哲学社会科学优秀成果一等奖（独立获奖）
     以“受欢迎”教学团队建设引领思想政治理论课教学的探索与实践
     2018年广东省教育厅
     第八届广东省教育教学成果奖（高等教育）二等奖（第一）
     “坚持精品质、铸就真信仰”思想政治理论课教学改革与实践
     2019年广东省教育厅
     第九届广东省教育教学成果奖（高等教育）一等奖（第二）
     《执政为民论》（著作）
     2005年湖南省人民政府
     湖南省第五届哲学社会科学优秀成果二等奖及“五个一工程”作品奖（第二）
  
"
